,field,ra,dec
0,HYDRA-0011,150.7708333,-23.90861111
1,HYDRA-0012,152.3083333,-23.90861111
2,HYDRA-0013,153.8458333,-23.90861111
3,HYDRA-0014,155.3833333,-23.90861111
4,HYDRA-0015,156.925,-23.90861111
5,HYDRA-0016,158.4625,-23.90861111
6,HYDRA-0017,160.0,-23.90861111
7,HYDRA-0018,161.5375,-23.90861111
8,HYDRA-0019,163.075,-23.90861111
9,HYDRA-0020,164.6166667,-23.90861111
10,HYDRA-0021,151.1708333,-25.30027778
11,HYDRA-0022,152.7291667,-25.30027778
12,HYDRA-0023,154.2875,-25.30027778
13,HYDRA-0024,155.8458333,-25.30027778
14,HYDRA-0025,157.4041667,-25.30027778
15,HYDRA-0026,158.9625,-25.30027778
16,HYDRA-0027,160.5208333,-25.30027778
17,HYDRA-0028,162.0791667,-25.30027778
18,HYDRA-0029,163.6375,-25.30027778
19,HYDRA-0030,150.0,-26.68972222
20,HYDRA-0031,151.5791667,-26.68972222
21,HYDRA-0032,153.1583333,-26.68972222
22,HYDRA-0033,154.7375,-26.68972222
23,HYDRA-0034,156.3166667,-26.68972222
24,HYDRA-0035,157.8958333,-26.68972222
25,HYDRA-0036,159.475,-26.68972222
26,HYDRA-0037,161.0541667,-26.68972222
27,HYDRA-0038,162.6333333,-26.68972222
28,HYDRA-0039,164.2125,-26.68972222
29,HYDRA-0040,151.3291667,-28.07722222
30,HYDRA-0041,152.9208333,-28.07722222
31,HYDRA-0042,154.5125,-28.07722222
32,HYDRA-0043,156.1041667,-28.07722222
33,HYDRA-0044,157.7,-28.07722222
34,HYDRA-0045,159.2916667,-28.07722222
35,HYDRA-0046,160.8833333,-28.07722222
36,HYDRA-0047,162.4791667,-28.07722222
37,HYDRA-0048,164.0708333,-28.07722222
38,HYDRA-0049,150.1333333,-29.46305556
39,HYDRA-0050,151.75,-29.46305556
40,HYDRA-0051,153.3625,-29.46305556
41,HYDRA-0052,154.9791667,-29.46305556
42,HYDRA-0053,156.5916667,-29.46305556
43,HYDRA-0054,158.2083333,-29.46305556
44,HYDRA-0055,159.8208333,-29.46305556
45,HYDRA-0056,161.4333333,-29.46305556
46,HYDRA-0057,163.05,-29.46305556
47,HYDRA-0058,164.6625,-29.46305556
48,HYDRA-0059,150.5458333,-30.84722222
49,HYDRA-0060,152.1833333,-30.84722222
50,HYDRA-0061,153.8166667,-30.84722222
51,HYDRA-0062,155.4541667,-30.84722222
52,HYDRA-0063,157.0916667,-30.84722222
53,HYDRA-0064,158.7291667,-30.84722222
54,HYDRA-0065,160.3625,-30.84722222
55,HYDRA-0066,162.0,-30.84722222
56,HYDRA-0067,163.6375,-30.84722222
57,HYDRA-0068,150.9666667,-32.22916667
58,HYDRA-0069,152.625,-32.22916667
59,HYDRA-0070,154.2875,-32.22916667
60,HYDRA-0071,155.9458333,-32.22916667
61,HYDRA-0072,157.6041667,-32.22916667
62,HYDRA-0073,159.2625,-32.22916667
63,HYDRA-0074,160.9208333,-32.22916667
64,HYDRA-0075,162.5791667,-32.22916667
65,HYDRA-0076,164.2416667,-32.22916667
66,HYDRA-0077,150.4208333,-33.60916667
67,HYDRA-0078,152.1125,-33.60916667
68,HYDRA-0079,153.8041667,-33.60916667
69,HYDRA-0080,155.4916667,-33.60916667
70,HYDRA-0081,157.1833333,-33.60916667
71,HYDRA-0082,158.875,-33.60916667
72,HYDRA-0083,160.5625,-33.60916667
73,HYDRA-0084,162.2541667,-33.60916667
74,HYDRA-0085,163.9416667,-33.60916667
75,HYDRA-0086,150.8583333,-34.98666667
76,HYDRA-0087,152.5708333,-34.98666667
77,HYDRA-0088,154.2875,-34.98666667
78,HYDRA-0089,156.0,-34.98666667
79,HYDRA-0091,159.4291667,-34.98666667
80,HYDRA-0092,161.1416667,-34.98666667
81,HYDRA-0093,162.8583333,-34.98666667
82,HYDRA-0094,164.5708333,-34.98666667
83,HYDRA-0095,151.3041667,-36.3625
84,HYDRA-0096,153.0416667,-36.3625
85,HYDRA-0097,154.7833333,-36.3625
86,HYDRA-0098,156.5208333,-36.3625
87,HYDRA-0099,158.2625,-36.3625
88,HYDRA-0100,160.0,-36.3625
89,HYDRA-0101,161.7375,-36.3625
90,HYDRA-0102,163.4791667,-36.3625
91,HYDRA-0103,150.7375,-37.73611111
92,HYDRA-0104,152.5125,-37.73611111
93,HYDRA-0105,154.2875,-37.73611111
94,HYDRA-0106,156.0583333,-37.73611111
95,HYDRA-0107,157.8333333,-37.73611111
96,HYDRA-0108,159.6041667,-37.73611111
97,HYDRA-0109,161.3791667,-37.73611111
98,HYDRA-0110,163.1541667,-37.73611111
99,HYDRA-0111,164.925,-37.73611111
100,HYDRA-0112,150.15,-39.10722222
101,HYDRA-0113,151.9583333,-39.10722222
102,HYDRA-0114,153.7708333,-39.10722222
103,HYDRA-0115,155.5791667,-39.10722222
104,HYDRA-0116,157.3875,-39.10722222
105,HYDRA-0117,159.1958333,-39.10722222
106,HYDRA-0118,161.0041667,-39.10722222
107,HYDRA-0119,162.8125,-39.10722222
108,HYDRA-0120,164.625,-39.10722222
109,HYDRA-0121,151.3833333,-40.47611111
110,HYDRA-0122,153.2291667,-40.47611111
111,HYDRA-0123,155.075,-40.47611111
112,HYDRA-0124,156.925,-40.47611111
113,HYDRA-0125,158.7708333,-40.47611111
114,HYDRA-0126,160.6166667,-40.47611111
115,HYDRA-0127,162.4625,-40.47611111
116,HYDRA-0128,164.3083333,-40.47611111
117,HYDRA-0129,150.7833333,-41.84222222
118,HYDRA-0130,152.6708333,-41.84222222
119,HYDRA-0131,154.5541667,-41.84222222
120,HYDRA-0132,156.4416667,-41.84222222
121,HYDRA-0133,158.325,-41.84222222
122,HYDRA-0134,160.2083333,-41.84222222
123,HYDRA-0135,162.0958333,-41.84222222
124,HYDRA-0136,163.9791667,-41.84222222
125,HYDRA-0137,150.1625,-43.20583333
126,HYDRA-0138,152.0875,-43.20583333
127,HYDRA-0139,154.0125,-43.20583333
128,HYDRA-0140,155.9375,-43.20583333
129,HYDRA-0141,157.8625,-43.20583333
130,HYDRA-0142,159.7875,-43.20583333
131,HYDRA-0143,161.7125,-43.20583333
132,HYDRA-0144,163.6375,-43.20583333
133,HYDRA-0145,151.475,-44.56694444
134,HYDRA-0146,153.4416667,-44.56694444
135,HYDRA-0147,155.4083333,-44.56694444
136,HYDRA-0148,157.375,-44.56694444
137,HYDRA-0149,159.3458333,-44.56694444
138,HYDRA-0150,161.3125,-44.56694444
139,HYDRA-0151,163.2791667,-44.56694444
140,HYDRA-0152,150.8375,-45.92527778
141,HYDRA-0153,152.85,-45.92527778
142,HYDRA-0154,154.8583333,-45.92527778
143,HYDRA-0155,156.8708333,-45.92527778
144,HYDRA-0156,158.8833333,-45.92527778
145,HYDRA-0157,160.8958333,-45.92527778
146,HYDRA-0158,162.9041667,-45.92527778
147,HYDRA-0159,164.9166667,-45.92527778
148,HYDRA-0160,150.1708333,-47.28111111
149,HYDRA-0161,152.2291667,-47.28111111
150,HYDRA-0162,154.2875,-47.28111111
151,HYDRA-0163,156.3416667,-47.28111111
152,HYDRA-0164,158.4,-47.28111111
153,HYDRA-0165,160.4583333,-47.28111111
154,HYDRA-0166,162.5125,-47.28111111
155,HYDRA-0167,164.5708333,-47.28111111
156,HYDRA-0173,150.9791667,-39.3
157,HYDRA-D-0001,158.3541667,-34.635
158,HYDRA-D-0002,156.6791667,-34.63194444
159,HYDRA-D-0003,158.3666667,-36.00527778
160,HYDRA-D-0004,156.6666667,-36.00805556
767,SPLUS-n01s01,150.7916667,0.0
768,SPLUS-n01s02,152.15,0.0
769,SPLUS-n01s03,153.5083333,0.0
770,SPLUS-n01s04,154.8666667,0.0
771,SPLUS-n01s05,156.225,0.0
772,SPLUS-n01s06,157.5833333,0.0
773,SPLUS-n01s07,158.9416667,0.0
774,SPLUS-n01s08,160.3,0.0
775,SPLUS-n01s09,161.6583333,0.0
776,SPLUS-n01s10,163.0208333,0.0
777,SPLUS-n01s18,173.8875,0.0
778,SPLUS-n01s19,175.2458333,0.0
779,SPLUS-n01s20,176.6041667,0.0
780,SPLUS-n01s21,177.9625,0.0
781,SPLUS-n01s22,179.3208333,0.0
782,SPLUS-n01s23,180.6791667,0.0
783,SPLUS-n01s24,182.0375,0.0
784,SPLUS-n01s25,183.3958333,0.0
785,SPLUS-n01s26,184.7541667,0.0
786,SPLUS-n01s27,186.1125,0.0
787,SPLUS-n01s28,187.4708333,0.0
788,SPLUS-n01s37,199.7,0.0
789,SPLUS-n01s38,201.0583333,0.0
790,SPLUS-n01s45,210.5666667,0.0
791,SPLUS-n01s46,211.925,0.0
792,SPLUS-n01s47,213.2833333,0.0
793,SPLUS-n01s48,214.6416667,0.0
794,SPLUS-n01s49,216.0,0.0
795,SPLUS-n01s50,217.3583333,0.0
796,SPLUS-n01s51,218.7166667,0.0
797,SPLUS-n01s52,220.075,0.0
798,SPLUS-n01s53,221.4333333,0.0
799,SPLUS-n01s54,222.7916667,0.0
800,SPLUS-n01s55,224.15,0.0
801,SPLUS-n02n01,150.7916667,1.359303
802,SPLUS-n02n02,152.15,1.359303
803,SPLUS-n02n03,153.5083333,1.359303
804,SPLUS-n02n04,154.8666667,1.359303
805,SPLUS-n02n05,156.225,1.359303
806,SPLUS-n02n06,157.5833333,1.359303
807,SPLUS-n02n07,158.9416667,1.359303
808,SPLUS-n02n18,173.8875,1.359303
809,SPLUS-n02n19,175.2458333,1.359303
810,SPLUS-n02n20,176.6041667,1.359303
811,SPLUS-n02n21,177.9625,1.359303
812,SPLUS-n02n22,179.3208333,1.359303
813,SPLUS-n02n23,180.6791667,1.359303
814,SPLUS-n02n24,182.0375,1.359303
815,SPLUS-n02n25,183.3958333,1.359303
816,SPLUS-n02n26,184.7541667,1.359303
817,SPLUS-n02n27,186.1125,1.359303
818,SPLUS-n02n28,187.4708333,1.359303
819,SPLUS-n02n44,209.2083333,1.359303
820,SPLUS-n02n45,210.5666667,1.359303
821,SPLUS-n02n46,211.925,1.359303
822,SPLUS-n02n47,213.2833333,1.359303
823,SPLUS-n02n48,214.6416667,1.359303
824,SPLUS-n02n49,216.0,1.359303
825,SPLUS-n02n50,217.3583333,1.359303
826,SPLUS-n02n51,218.7166667,1.359303
827,SPLUS-n02n52,220.075,1.359303
828,SPLUS-n02n53,221.4333333,1.359303
829,SPLUS-n02n54,222.7916667,1.359303
830,SPLUS-n02n55,224.15,1.359303
831,SPLUS-n02s01,150.7916667,-1.359166667
832,SPLUS-n02s02,152.15,-1.359166667
833,SPLUS-n02s03,153.5083333,-1.359166667
834,SPLUS-n02s04,154.8666667,-1.359166667
835,SPLUS-n02s05,156.225,-1.359166667
836,SPLUS-n02s06,157.5833333,-1.359166667
837,SPLUS-n02s07,158.9416667,-1.359166667
838,SPLUS-n02s08,160.3,-1.359166667
839,SPLUS-n02s09,161.6583333,-1.359166667
840,SPLUS-n02s10,163.0208333,-1.359166667
841,SPLUS-n02s18,173.8875,-1.359166667
842,SPLUS-n02s19,175.2458333,-1.359166667
843,SPLUS-n02s20,176.6041667,-1.359166667
844,SPLUS-n02s21,177.9625,-1.359166667
845,SPLUS-n02s22,179.3208333,-1.359166667
846,SPLUS-n02s23,180.6791667,-1.359166667
847,SPLUS-n02s24,182.0375,-1.359166667
848,SPLUS-n02s25,183.3958333,-1.359166667
849,SPLUS-n02s26,184.7541667,-1.359166667
850,SPLUS-n02s27,186.1125,-1.359166667
851,SPLUS-n02s28,187.4708333,-1.359166667
852,SPLUS-n02s37,199.7,-1.359166667
853,SPLUS-n02s38,201.0583333,-1.359166667
854,SPLUS-n02s44,209.2083333,-1.359166667
855,SPLUS-n02s45,210.5666667,-1.359166667
856,SPLUS-n02s46,211.925,-1.359166667
857,SPLUS-n02s47,213.2833333,-1.359166667
858,SPLUS-n02s48,214.6416667,-1.359166667
859,SPLUS-n02s49,216.0,-1.359166667
860,SPLUS-n02s50,217.3583333,-1.359166667
861,SPLUS-n02s51,218.7166667,-1.359166667
862,SPLUS-n02s52,220.075,-1.359166667
863,SPLUS-n02s53,221.4333333,-1.359166667
864,SPLUS-n02s54,222.7916667,-1.359166667
865,SPLUS-n02s55,224.15,-1.359166667
866,SPLUS-n03n01,150.7916667,2.717214278
867,SPLUS-n03n02,152.15,2.717214278
868,SPLUS-n03n03,153.5083333,2.717214278
869,SPLUS-n03n04,154.8666667,2.717214278
870,SPLUS-n03n22,179.3208333,2.717214278
871,SPLUS-n03n23,180.6791667,2.717214278
872,SPLUS-n03n24,182.0375,2.717214278
873,SPLUS-n03n51,218.7166667,2.717214278
874,SPLUS-n03n52,220.075,2.717214278
875,SPLUS-n03n53,221.4333333,2.717214278
876,SPLUS-n03n54,222.7916667,2.717214278
877,SPLUS-n03n55,224.15,2.717214278
878,SPLUS-n03s01,150.7916667,-2.717222222
879,SPLUS-n03s02,152.15,-2.717222222
880,SPLUS-n03s03,153.5083333,-2.717222222
881,SPLUS-n03s04,154.8666667,-2.717222222
882,SPLUS-n03s05,156.225,-2.717222222
883,SPLUS-n03s06,157.5833333,-2.717222222
884,SPLUS-n03s07,158.9416667,-2.717222222
885,SPLUS-n03s08,160.3,-2.717222222
886,SPLUS-n03s09,161.6583333,-2.717222222
887,SPLUS-n03s10,163.0208333,-2.717222222
888,SPLUS-n03s11,164.3791667,-2.717222222
889,SPLUS-n03s18,173.8875,-2.717222222
890,SPLUS-n03s19,175.2458333,-2.717222222
891,SPLUS-n03s20,176.6041667,-2.717222222
892,SPLUS-n03s21,177.9625,-2.717222222
893,SPLUS-n03s22,179.3208333,-2.717222222
894,SPLUS-n03s23,180.6791667,-2.717222222
895,SPLUS-n03s24,182.0375,-2.717222222
896,SPLUS-n03s25,183.3958333,-2.717222222
897,SPLUS-n03s26,184.7541667,-2.717222222
898,SPLUS-n03s27,186.1125,-2.717222222
899,SPLUS-n03s28,187.4708333,-2.717222222
900,SPLUS-n03s43,207.85,-2.717222222
901,SPLUS-n03s44,209.2083333,-2.717222222
902,SPLUS-n03s53,221.4333333,-2.717222222
903,SPLUS-n03s54,222.7916667,-2.717222222
904,SPLUS-n03s55,224.15,-2.717222222
905,SPLUS-n04n01,150.7916667,4.073739917
906,SPLUS-n04n02,152.15,4.073739917
907,SPLUS-n04n51,218.7166667,4.073739917
908,SPLUS-n04n52,220.075,4.073739917
909,SPLUS-n04n53,221.4333333,4.073739917
910,SPLUS-n04n54,222.7916667,4.073739917
911,SPLUS-n04n55,224.15,4.073739917
912,SPLUS-n04s01,150.7916667,-4.073611111
913,SPLUS-n04s02,152.15,-4.073611111
914,SPLUS-n04s03,153.5083333,-4.073611111
915,SPLUS-n04s04,154.8666667,-4.073611111
916,SPLUS-n04s05,156.225,-4.073611111
917,SPLUS-n04s06,157.5833333,-4.073611111
918,SPLUS-n04s07,158.9416667,-4.073611111
919,SPLUS-n04s08,160.3,-4.073611111
920,SPLUS-n04s09,161.6583333,-4.073611111
921,SPLUS-n04s10,163.0208333,-4.073611111
922,SPLUS-n04s11,164.3791667,-4.073611111
923,SPLUS-n04s12,165.7375,-4.073611111
924,SPLUS-n04s13,167.0958333,-4.073611111
925,SPLUS-n04s23,180.6791667,-4.073611111
926,SPLUS-n04s41,205.1333333,-4.073611111
927,SPLUS-n04s42,206.4916667,-4.073611111
928,SPLUS-n04s43,207.85,-4.073611111
929,SPLUS-n04s44,209.2083333,-4.073611111
930,SPLUS-n04s52,220.075,-4.073611111
931,SPLUS-n04s53,221.4333333,-4.073611111
932,SPLUS-n04s54,222.7916667,-4.073611111
933,SPLUS-n04s55,224.15,-4.073611111
934,SPLUS-n05n50,216.8166667,5.428889167
935,SPLUS-n05n51,218.1833333,5.428889167
936,SPLUS-n05n52,219.5458333,5.428889167
937,SPLUS-n05n53,220.9083333,5.428889167
938,SPLUS-n05n54,222.2708333,5.428889167
939,SPLUS-n05n55,223.6375,5.428889167
940,SPLUS-n05s01,150.0,-5.428888889
941,SPLUS-n05s02,151.3625,-5.428888889
942,SPLUS-n05s03,152.7291667,-5.428888889
943,SPLUS-n05s04,154.0916667,-5.428888889
944,SPLUS-n05s05,155.4541667,-5.428888889
945,SPLUS-n05s06,156.8166667,-5.428888889
946,SPLUS-n05s07,158.1833333,-5.428888889
947,SPLUS-n05s08,159.5458333,-5.428888889
948,SPLUS-n05s09,160.9083333,-5.428888889
949,SPLUS-n05s10,162.2708333,-5.428888889
950,SPLUS-n05s11,163.6375,-5.428888889
951,SPLUS-n05s12,165.0,-5.428888889
952,SPLUS-n05s13,166.3625,-5.428888889
953,SPLUS-n05s14,167.7291667,-5.428888889
954,SPLUS-n05s15,169.0916667,-5.428888889
955,SPLUS-n05s43,207.2708333,-5.428888889
956,SPLUS-n05s44,208.6375,-5.428888889
957,SPLUS-n05s45,210.0,-5.428888889
958,SPLUS-n05s53,220.9083333,-5.428888889
959,SPLUS-n05s54,222.2708333,-5.428888889
960,SPLUS-n05s55,223.6375,-5.428888889
961,SPLUS-n06s01,150.0,-6.7825
962,SPLUS-n06s02,151.3625,-6.7825
963,SPLUS-n06s03,152.7291667,-6.7825
964,SPLUS-n06s04,154.0916667,-6.7825
965,SPLUS-n06s05,155.4541667,-6.7825
966,SPLUS-n06s06,156.8166667,-6.7825
967,SPLUS-n06s07,158.1833333,-6.7825
968,SPLUS-n06s08,159.5458333,-6.7825
969,SPLUS-n06s09,160.9083333,-6.7825
970,SPLUS-n06s10,162.2708333,-6.7825
971,SPLUS-n06s11,163.6375,-6.7825
972,SPLUS-n06s12,165.0,-6.7825
973,SPLUS-n06s13,166.3625,-6.7825
974,SPLUS-n06s14,167.7291667,-6.7825
975,SPLUS-n06s15,169.0916667,-6.7825
976,SPLUS-n06s16,170.4541667,-6.7825
977,SPLUS-n06s37,199.0916667,-6.7825
978,SPLUS-n06s40,203.1833333,-6.7825
979,SPLUS-n06s41,204.5458333,-6.7825
980,SPLUS-n06s42,205.9083333,-6.7825
981,SPLUS-n06s43,207.2708333,-6.7825
982,SPLUS-n06s44,208.6375,-6.7825
983,SPLUS-n06s45,210.0,-6.7825
984,SPLUS-n06s52,219.5458333,-6.7825
985,SPLUS-n06s53,220.9083333,-6.7825
986,SPLUS-n06s54,222.2708333,-6.7825
987,SPLUS-n06s55,223.6375,-6.7825
988,SPLUS-n07s01,150.5708333,-8.135
989,SPLUS-n07s02,151.9375,-8.135
990,SPLUS-n07s03,153.3083333,-8.135
991,SPLUS-n07s04,154.675,-8.135
992,SPLUS-n07s05,156.0458333,-8.135
993,SPLUS-n07s06,157.4125,-8.135
994,SPLUS-n07s07,158.7833333,-8.135
995,SPLUS-n07s08,160.1541667,-8.135
996,SPLUS-n07s09,161.5208333,-8.135
997,SPLUS-n07s10,162.8916667,-8.135
998,SPLUS-n07s11,164.2583333,-8.135
999,SPLUS-n07s12,165.6291667,-8.135
1000,SPLUS-n07s13,166.9958333,-8.135
1001,SPLUS-n07s14,168.3666667,-8.135
1002,SPLUS-n07s15,169.7333333,-8.135
1003,SPLUS-n07s16,171.1041667,-8.135
1004,SPLUS-n07s17,172.4708333,-8.135
1005,SPLUS-n07s22,179.3166667,-8.135
1006,SPLUS-n07s38,201.2166667,-8.135
1007,SPLUS-n07s39,202.5875,-8.135
1008,SPLUS-n07s40,203.9541667,-8.135
1009,SPLUS-n07s41,205.325,-8.135
1010,SPLUS-n07s42,206.6916667,-8.135
1011,SPLUS-n07s43,208.0625,-8.135
1012,SPLUS-n07s44,209.4291667,-8.135
1013,SPLUS-n07s48,214.9041667,-8.135
1014,SPLUS-n07s49,216.275,-8.135
1015,SPLUS-n07s50,217.6416667,-8.135
1016,SPLUS-n07s51,219.0125,-8.135
1017,SPLUS-n07s52,220.3791667,-8.135
1018,SPLUS-n07s53,221.75,-8.135
1019,SPLUS-n07s54,223.1166667,-8.135
1020,SPLUS-n07s55,224.4875,-8.135
1021,SPLUS-n08s01,151.1458333,-9.486111111
1022,SPLUS-n08s02,152.5208333,-9.486111111
1023,SPLUS-n08s03,153.8916667,-9.486111111
1024,SPLUS-n08s04,155.2666667,-9.486111111
1025,SPLUS-n08s05,156.6416667,-9.486111111
1026,SPLUS-n08s06,158.0166667,-9.486111111
1027,SPLUS-n08s07,159.3875,-9.486111111
1028,SPLUS-n08s08,160.7625,-9.486111111
1029,SPLUS-n08s09,162.1375,-9.486111111
1030,SPLUS-n08s10,163.5125,-9.486111111
1031,SPLUS-n08s11,164.8875,-9.486111111
1032,SPLUS-n08s12,166.2583333,-9.486111111
1033,SPLUS-n08s13,167.6333333,-9.486111111
1034,SPLUS-n08s14,169.0083333,-9.486111111
1035,SPLUS-n08s15,170.3833333,-9.486111111
1036,SPLUS-n08s16,171.7541667,-9.486111111
1037,SPLUS-n08s17,173.1291667,-9.486111111
1038,SPLUS-n08s18,174.5041667,-9.486111111
1039,SPLUS-n08s19,175.8791667,-9.486111111
1040,SPLUS-n08s37,200.6125,-9.486111111
1041,SPLUS-n08s38,201.9833333,-9.486111111
1042,SPLUS-n08s39,203.3583333,-9.486111111
1043,SPLUS-n08s40,204.7333333,-9.486111111
1044,SPLUS-n08s41,206.1083333,-9.486111111
1045,SPLUS-n08s42,207.4791667,-9.486111111
1046,SPLUS-n08s43,208.8541667,-9.486111111
1047,SPLUS-n08s44,210.2291667,-9.486111111
1048,SPLUS-n08s46,212.9791667,-9.486111111
1049,SPLUS-n08s48,215.725,-9.486111111
1050,SPLUS-n08s49,217.1,-9.486111111
1051,SPLUS-n08s50,218.475,-9.486111111
1052,SPLUS-n08s51,219.8458333,-9.486111111
1053,SPLUS-n08s52,221.2208333,-9.486111111
1054,SPLUS-n08s53,222.5958333,-9.486111111
1055,SPLUS-n08s54,223.9708333,-9.486111111
1056,SPLUS-n09s01,150.3458333,-10.83555556
1057,SPLUS-n09s02,151.725,-10.83555556
1058,SPLUS-n09s03,153.1041667,-10.83555556
1059,SPLUS-n09s04,154.4833333,-10.83555556
1060,SPLUS-n09s05,155.8625,-10.83555556
1061,SPLUS-n09s06,157.2416667,-10.83555556
1062,SPLUS-n09s07,158.6208333,-10.83555556
1063,SPLUS-n09s08,160.0,-10.83555556
1064,SPLUS-n09s09,161.3791667,-10.83555556
1065,SPLUS-n09s10,162.7583333,-10.83555556
1066,SPLUS-n09s11,164.1375,-10.83555556
1067,SPLUS-n09s12,165.5166667,-10.83555556
1068,SPLUS-n09s13,166.8958333,-10.83555556
1069,SPLUS-n09s14,168.275,-10.83555556
1070,SPLUS-n09s15,169.6541667,-10.83555556
1071,SPLUS-n09s16,171.0333333,-10.83555556
1072,SPLUS-n09s17,172.4125,-10.83555556
1073,SPLUS-n09s18,173.7916667,-10.83555556
1074,SPLUS-n09s19,175.1708333,-10.83555556
1075,SPLUS-n09s20,176.55,-10.83555556
1076,SPLUS-n09s21,177.9291667,-10.83555556
1077,SPLUS-n09s22,179.3083333,-10.83555556
1078,SPLUS-n09s23,180.6916667,-10.83555556
1079,SPLUS-n09s24,182.0708333,-10.83555556
1080,SPLUS-n09s25,183.45,-10.83555556
1081,SPLUS-n09s26,184.8291667,-10.83555556
1082,SPLUS-n09s27,186.2083333,-10.83555556
1083,SPLUS-n09s28,187.5875,-10.83555556
1084,SPLUS-n09s29,188.9666667,-10.83555556
1085,SPLUS-n09s30,190.3458333,-10.83555556
1086,SPLUS-n09s31,191.725,-10.83555556
1087,SPLUS-n09s32,193.1041667,-10.83555556
1088,SPLUS-n09s33,194.4833333,-10.83555556
1089,SPLUS-n09s34,195.8625,-10.83555556
1090,SPLUS-n09s35,197.2416667,-10.83555556
1091,SPLUS-n09s36,198.6208333,-10.83555556
1092,SPLUS-n09s37,200.0,-10.83555556
1093,SPLUS-n09s38,201.3791667,-10.83555556
1094,SPLUS-n09s39,202.7583333,-10.83555556
1095,SPLUS-n09s40,204.1375,-10.83555556
1096,SPLUS-n09s41,205.5166667,-10.83555556
1097,SPLUS-n09s42,206.8958333,-10.83555556
1098,SPLUS-n09s43,208.275,-10.83555556
1099,SPLUS-n09s44,209.6541667,-10.83555556
1100,SPLUS-n09s45,211.0333333,-10.83555556
1101,SPLUS-n09s46,212.4125,-10.83555556
1102,SPLUS-n09s48,215.1708333,-10.83555556
1103,SPLUS-n09s49,216.55,-10.83555556
1104,SPLUS-n09s50,217.9291667,-10.83555556
1105,SPLUS-n09s51,219.3083333,-10.83555556
1106,SPLUS-n09s52,220.6916667,-10.83555556
1107,SPLUS-n09s53,222.0708333,-10.83555556
1108,SPLUS-n09s54,223.45,-10.83555556
1109,SPLUS-n09s55,224.8291667,-10.83555556
1110,SPLUS-n10s01,150.925,-12.18361111
1111,SPLUS-n10s02,152.3083333,-12.18361111
1112,SPLUS-n10s03,153.6916667,-12.18361111
1113,SPLUS-n10s04,155.075,-12.18361111
1114,SPLUS-n10s05,156.4625,-12.18361111
1115,SPLUS-n10s06,157.8458333,-12.18361111
1116,SPLUS-n10s07,159.2291667,-12.18361111
1117,SPLUS-n10s08,160.6166667,-12.18361111
1118,SPLUS-n10s09,162.0,-12.18361111
1119,SPLUS-n10s10,163.3833333,-12.18361111
1120,SPLUS-n10s11,164.7708333,-12.18361111
1121,SPLUS-n10s12,166.1541667,-12.18361111
1122,SPLUS-n10s13,167.5375,-12.18361111
1123,SPLUS-n10s14,168.925,-12.18361111
1124,SPLUS-n10s15,170.3083333,-12.18361111
1125,SPLUS-n10s16,171.6916667,-12.18361111
1126,SPLUS-n10s17,173.075,-12.18361111
1127,SPLUS-n10s18,174.4625,-12.18361111
1128,SPLUS-n10s19,175.8458333,-12.18361111
1129,SPLUS-n10s20,177.2291667,-12.18361111
1130,SPLUS-n10s21,178.6166667,-12.18361111
1131,SPLUS-n10s22,180.0,-12.18361111
1132,SPLUS-n10s23,181.3833333,-12.18361111
1133,SPLUS-n10s24,182.7708333,-12.18361111
1134,SPLUS-n10s25,184.1541667,-12.18361111
1135,SPLUS-n10s26,185.5375,-12.18361111
1136,SPLUS-n10s27,186.925,-12.18361111
1137,SPLUS-n10s28,188.3083333,-12.18361111
1138,SPLUS-n10s29,189.6916667,-12.18361111
1139,SPLUS-n10s30,191.075,-12.18361111
1140,SPLUS-n10s31,192.4625,-12.18361111
1141,SPLUS-n10s32,193.8458333,-12.18361111
1142,SPLUS-n10s33,195.2291667,-12.18361111
1143,SPLUS-n10s34,196.6166667,-12.18361111
1144,SPLUS-n10s35,198.0,-12.18361111
1145,SPLUS-n10s36,199.3833333,-12.18361111
1146,SPLUS-n10s37,200.7708333,-12.18361111
1147,SPLUS-n10s38,202.1541667,-12.18361111
1148,SPLUS-n10s39,203.5375,-12.18361111
1149,SPLUS-n10s40,204.925,-12.18361111
1150,SPLUS-n10s41,206.3083333,-12.18361111
1151,SPLUS-n10s42,207.6916667,-12.18361111
1152,SPLUS-n10s43,209.075,-12.18361111
1153,SPLUS-n10s44,210.4625,-12.18361111
1154,SPLUS-n10s45,211.8458333,-12.18361111
1155,SPLUS-n10s46,213.2291667,-12.18361111
1156,SPLUS-n10s47,214.6166667,-12.18361111
1157,SPLUS-n10s48,216.0,-12.18361111
1158,SPLUS-n10s49,217.3833333,-12.18361111
1159,SPLUS-n10s50,218.7708333,-12.18361111
1160,SPLUS-n10s51,220.1541667,-12.18361111
1161,SPLUS-n10s52,221.5375,-12.18361111
1162,SPLUS-n10s53,222.925,-12.18361111
1163,SPLUS-n10s54,224.3083333,-12.18361111
1164,SPLUS-n11s01,150.1166667,-13.53055556
1165,SPLUS-n11s02,151.5041667,-13.53055556
1166,SPLUS-n11s03,152.8958333,-13.53055556
1167,SPLUS-n11s04,154.2875,-13.53055556
1168,SPLUS-n11s05,155.675,-13.53055556
1169,SPLUS-n11s06,157.0666667,-13.53055556
1170,SPLUS-n11s07,158.4541667,-13.53055556
1171,SPLUS-n11s08,159.8458333,-13.53055556
1172,SPLUS-n11s09,161.2375,-13.53055556
1173,SPLUS-n11s10,162.625,-13.53055556
1174,SPLUS-n11s11,164.0166667,-13.53055556
1175,SPLUS-n11s12,165.4041667,-13.53055556
1176,SPLUS-n11s13,166.7958333,-13.53055556
1177,SPLUS-n11s14,168.1833333,-13.53055556
1178,SPLUS-n11s15,169.575,-13.53055556
1179,SPLUS-n11s16,170.9666667,-13.53055556
1180,SPLUS-n11s17,172.3541667,-13.53055556
1181,SPLUS-n11s18,173.7458333,-13.53055556
1182,SPLUS-n11s19,175.1333333,-13.53055556
1183,SPLUS-n11s20,176.525,-13.53055556
1184,SPLUS-n11s21,177.9166667,-13.53055556
1185,SPLUS-n11s22,179.3041667,-13.53055556
1186,SPLUS-n11s23,180.6958333,-13.53055556
1187,SPLUS-n11s24,182.0833333,-13.53055556
1188,SPLUS-n11s25,183.475,-13.53055556
1189,SPLUS-n11s26,184.8666667,-13.53055556
1190,SPLUS-n11s27,186.2541667,-13.53055556
1191,SPLUS-n11s28,187.6458333,-13.53055556
1192,SPLUS-n11s29,189.0333333,-13.53055556
1193,SPLUS-n11s30,190.425,-13.53055556
1194,SPLUS-n11s31,191.8166667,-13.53055556
1195,SPLUS-n11s32,193.2041667,-13.53055556
1196,SPLUS-n11s33,194.5958333,-13.53055556
1197,SPLUS-n11s34,195.9833333,-13.53055556
1198,SPLUS-n11s35,197.375,-13.53055556
1199,SPLUS-n11s36,198.7625,-13.53055556
1200,SPLUS-n11s37,200.1541667,-13.53055556
1201,SPLUS-n11s38,201.5458333,-13.53055556
1202,SPLUS-n11s39,202.9333333,-13.53055556
1203,SPLUS-n11s40,204.325,-13.53055556
1204,SPLUS-n11s41,205.7125,-13.53055556
1205,SPLUS-n11s42,207.1041667,-13.53055556
1206,SPLUS-n11s43,208.4958333,-13.53055556
1207,SPLUS-n11s44,209.8833333,-13.53055556
1208,SPLUS-n11s46,212.6625,-13.53055556
1209,SPLUS-n11s47,214.0541667,-13.53055556
1210,SPLUS-n11s48,215.4458333,-13.53055556
1211,SPLUS-n11s49,216.8333333,-13.53055556
1212,SPLUS-n11s50,218.225,-13.53055556
1213,SPLUS-n11s51,219.6125,-13.53055556
1214,SPLUS-n11s52,221.0041667,-13.53055556
1215,SPLUS-n11s53,222.3958333,-13.53055556
1216,SPLUS-n11s54,223.7833333,-13.53055556
1217,SPLUS-n11s55,225.175,-13.53055556
1218,SPLUS-n12s01,151.2833333,-14.87583333
1219,SPLUS-n12s02,152.6833333,-14.87583333
1220,SPLUS-n12s03,154.0875,-14.87583333
1221,SPLUS-n12s04,155.4875,-14.87583333
1222,SPLUS-n12s05,156.8875,-14.87583333
1223,SPLUS-n12s06,158.2875,-14.87583333
1224,SPLUS-n12s07,159.6875,-14.87583333
1225,SPLUS-n12s08,161.0875,-14.87583333
1226,SPLUS-n12s09,162.4916667,-14.87583333
1227,SPLUS-n12s10,163.8916667,-14.87583333
1228,SPLUS-n12s11,165.2916667,-14.87583333
1229,SPLUS-n12s12,166.6916667,-14.87583333
1230,SPLUS-n12s13,168.0916667,-14.87583333
1231,SPLUS-n12s14,169.4958333,-14.87583333
1232,SPLUS-n12s15,170.8958333,-14.87583333
1233,SPLUS-n12s16,172.2958333,-14.87583333
1234,SPLUS-n12s17,173.6958333,-14.87583333
1235,SPLUS-n12s18,175.0958333,-14.87583333
1236,SPLUS-n12s19,176.5,-14.87583333
1237,SPLUS-n12s20,177.9,-14.87583333
1238,SPLUS-n12s21,179.3,-14.87583333
1239,SPLUS-n12s22,180.7,-14.87583333
1240,SPLUS-n12s23,182.1,-14.87583333
1241,SPLUS-n12s24,183.5,-14.87583333
1242,SPLUS-n12s25,184.9041667,-14.87583333
1243,SPLUS-n12s26,186.3041667,-14.87583333
1244,SPLUS-n12s27,187.7041667,-14.87583333
1245,SPLUS-n12s28,189.1041667,-14.87583333
1246,SPLUS-n12s29,190.5041667,-14.87583333
1247,SPLUS-n12s30,191.9083333,-14.87583333
1248,SPLUS-n12s31,193.3083333,-14.87583333
1249,SPLUS-n12s32,194.7083333,-14.87583333
1250,SPLUS-n12s33,196.1083333,-14.87583333
1251,SPLUS-n12s34,197.5083333,-14.87583333
1252,SPLUS-n12s35,198.9125,-14.87583333
1253,SPLUS-n12s36,200.3125,-14.87583333
1254,SPLUS-n12s37,201.7125,-14.87583333
1255,SPLUS-n12s38,203.1125,-14.87583333
1256,SPLUS-n12s39,204.5125,-14.87583333
1257,SPLUS-n12s40,205.9125,-14.87583333
1258,SPLUS-n12s41,207.3166667,-14.87583333
1259,SPLUS-n12s42,208.7166667,-14.87583333
1260,SPLUS-n12s43,210.1166667,-14.87583333
1261,SPLUS-n12s44,211.5166667,-14.87583333
1262,SPLUS-n12s45,212.9166667,-14.87583333
1263,SPLUS-n12s46,214.3208333,-14.87583333
1264,SPLUS-n12s47,215.7208333,-14.87583333
1265,SPLUS-n12s48,217.1208333,-14.87583333
1266,SPLUS-n12s49,218.5208333,-14.87583333
1267,SPLUS-n12s50,219.9208333,-14.87583333
1268,SPLUS-n12s51,221.325,-14.87583333
1269,SPLUS-n12s52,222.725,-14.87583333
1270,SPLUS-n12s53,224.125,-14.87583333
1271,SPLUS-n13s01,150.4708333,-16.21972222
1272,SPLUS-n13s02,151.875,-16.21972222
1273,SPLUS-n13s03,153.2833333,-16.21972222
1274,SPLUS-n13s04,154.6875,-16.21972222
1275,SPLUS-n13s05,156.0958333,-16.21972222
1276,SPLUS-n13s06,157.5,-16.21972222
1277,SPLUS-n13s07,158.9083333,-16.21972222
1278,SPLUS-n13s08,160.3125,-16.21972222
1279,SPLUS-n13s09,161.7208333,-16.21972222
1280,SPLUS-n13s10,163.125,-16.21972222
1281,SPLUS-n13s11,164.5333333,-16.21972222
1282,SPLUS-n13s12,165.9375,-16.21972222
1283,SPLUS-n13s13,167.3458333,-16.21972222
1284,SPLUS-n13s14,168.75,-16.21972222
1285,SPLUS-n13s15,170.1583333,-16.21972222
1286,SPLUS-n13s16,171.5625,-16.21972222
1287,SPLUS-n13s17,172.9708333,-16.21972222
1288,SPLUS-n13s18,174.375,-16.21972222
1289,SPLUS-n13s19,175.7833333,-16.21972222
1290,SPLUS-n13s20,177.1875,-16.21972222
1291,SPLUS-n13s21,178.5958333,-16.21972222
1292,SPLUS-n13s22,180.0,-16.21972222
1293,SPLUS-n13s23,181.4083333,-16.21972222
1294,SPLUS-n13s24,182.8125,-16.21972222
1295,SPLUS-n13s25,184.2208333,-16.21972222
1296,SPLUS-n13s26,185.625,-16.21972222
1297,SPLUS-n13s27,187.0333333,-16.21972222
1298,SPLUS-n13s28,188.4375,-16.21972222
1299,SPLUS-n13s29,189.8458333,-16.21972222
1300,SPLUS-n13s30,191.25,-16.21972222
1301,SPLUS-n13s31,192.6583333,-16.21972222
1302,SPLUS-n13s32,194.0625,-16.21972222
1303,SPLUS-n13s33,195.4708333,-16.21972222
1304,SPLUS-n13s34,196.875,-16.21972222
1305,SPLUS-n13s35,198.2833333,-16.21972222
1306,SPLUS-n13s36,199.6875,-16.21972222
1307,SPLUS-n13s37,201.0958333,-16.21972222
1308,SPLUS-n13s38,202.5,-16.21972222
1309,SPLUS-n13s39,203.9083333,-16.21972222
1310,SPLUS-n13s40,205.3125,-16.21972222
1311,SPLUS-n13s41,206.7208333,-16.21972222
1312,SPLUS-n13s42,208.125,-16.21972222
1313,SPLUS-n13s43,209.5333333,-16.21972222
1314,SPLUS-n13s45,210.9375,-16.21972222
1315,SPLUS-n13s46,212.3458333,-16.21972222
1316,SPLUS-n13s47,213.75,-16.21972222
1317,SPLUS-n13s48,215.1583333,-16.21972222
1318,SPLUS-n13s49,216.5625,-16.21972222
1319,SPLUS-n13s50,217.9708333,-16.21972222
1320,SPLUS-n13s51,219.375,-16.21972222
1321,SPLUS-n13s52,220.7833333,-16.21972222
1322,SPLUS-n13s53,222.1875,-16.21972222
1323,SPLUS-n13s54,223.5958333,-16.21972222
1324,SPLUS-n13s55,225.0,-16.21972222
1325,SPLUS-n14s01,150.2375,-17.56222222
1326,SPLUS-n14s02,151.6541667,-17.56222222
1327,SPLUS-n14s03,153.0708333,-17.56222222
1328,SPLUS-n14s04,154.4875,-17.56222222
1329,SPLUS-n14s05,155.9041667,-17.56222222
1330,SPLUS-n14s06,157.3208333,-17.56222222
1331,SPLUS-n14s07,158.7416667,-17.56222222
1332,SPLUS-n14s08,160.1583333,-17.56222222
1333,SPLUS-n14s09,161.575,-17.56222222
1334,SPLUS-n14s10,162.9916667,-17.56222222
1335,SPLUS-n14s11,164.4083333,-17.56222222
1336,SPLUS-n14s12,165.825,-17.56222222
1337,SPLUS-n14s13,167.2458333,-17.56222222
1338,SPLUS-n14s14,168.6625,-17.56222222
1339,SPLUS-n14s15,170.0791667,-17.56222222
1340,SPLUS-n14s16,171.4958333,-17.56222222
1341,SPLUS-n14s17,172.9125,-17.56222222
1342,SPLUS-n14s18,174.3291667,-17.56222222
1343,SPLUS-n14s19,175.75,-17.56222222
1344,SPLUS-n14s20,177.1666667,-17.56222222
1345,SPLUS-n14s21,178.5833333,-17.56222222
1346,SPLUS-n14s22,180.0,-17.56222222
1347,SPLUS-n14s23,181.4166667,-17.56222222
1348,SPLUS-n14s24,182.8333333,-17.56222222
1349,SPLUS-n14s25,184.25,-17.56222222
1350,SPLUS-n14s26,185.6708333,-17.56222222
1351,SPLUS-n14s27,187.0875,-17.56222222
1352,SPLUS-n14s28,188.5041667,-17.56222222
1353,SPLUS-n14s29,189.9208333,-17.56222222
1354,SPLUS-n14s30,191.3375,-17.56222222
1355,SPLUS-n14s31,192.7541667,-17.56222222
1356,SPLUS-n14s32,194.175,-17.56222222
1357,SPLUS-n14s33,195.5916667,-17.56222222
1358,SPLUS-n14s34,197.0083333,-17.56222222
1359,SPLUS-n14s35,198.425,-17.56222222
1360,SPLUS-n14s36,199.8416667,-17.56222222
1361,SPLUS-n14s37,201.2583333,-17.56222222
1362,SPLUS-n14s38,202.6791667,-17.56222222
1363,SPLUS-n14s39,204.0958333,-17.56222222
1364,SPLUS-n14s40,205.5125,-17.56222222
1365,SPLUS-n14s41,206.9291667,-17.56222222
1366,SPLUS-n14s42,208.3458333,-17.56222222
1367,SPLUS-n14s43,209.7625,-17.56222222
1368,SPLUS-n14s44,211.1791667,-17.56222222
1369,SPLUS-n14s45,212.6,-17.56222222
1370,SPLUS-n14s46,214.0166667,-17.56222222
1371,SPLUS-n14s47,215.4333333,-17.56222222
1372,SPLUS-n14s48,216.85,-17.56222222
1373,SPLUS-n14s49,218.2666667,-17.56222222
1374,SPLUS-n14s50,219.6833333,-17.56222222
1375,SPLUS-n14s51,221.1041667,-17.56222222
1376,SPLUS-n14s52,222.5208333,-17.56222222
1377,SPLUS-n14s53,223.9375,-17.56222222
1378,SPLUS-n15s01,150.0,-18.90305556
1379,SPLUS-n15s02,151.4291667,-18.90305556
1380,SPLUS-n15s03,152.8583333,-18.90305556
1381,SPLUS-n15s04,154.2875,-18.90305556
1382,SPLUS-n15s05,155.7125,-18.90305556
1383,SPLUS-n15s06,157.1416667,-18.90305556
1384,SPLUS-n15s07,158.5708333,-18.90305556
1385,SPLUS-n15s08,160.0,-18.90305556
1386,SPLUS-n15s09,161.4291667,-18.90305556
1387,SPLUS-n15s10,162.8583333,-18.90305556
1388,SPLUS-n15s11,164.2875,-18.90305556
1389,SPLUS-n15s12,165.7125,-18.90305556
1390,SPLUS-n15s13,167.1416667,-18.90305556
1391,SPLUS-n15s14,168.5708333,-18.90305556
1392,SPLUS-n15s15,170.0,-18.90305556
1393,SPLUS-n15s16,171.4291667,-18.90305556
1394,SPLUS-n15s17,172.8583333,-18.90305556
1395,SPLUS-n15s18,174.2875,-18.90305556
1396,SPLUS-n15s19,175.7125,-18.90305556
1397,SPLUS-n15s20,177.1416667,-18.90305556
1398,SPLUS-n15s21,178.5708333,-18.90305556
1399,SPLUS-n15s22,180.0,-18.90305556
1400,SPLUS-n15s23,181.4291667,-18.90305556
1401,SPLUS-n15s24,182.8583333,-18.90305556
1402,SPLUS-n15s25,184.2875,-18.90305556
1403,SPLUS-n15s26,185.7125,-18.90305556
1404,SPLUS-n15s27,187.1416667,-18.90305556
1405,SPLUS-n15s28,188.5708333,-18.90305556
1406,SPLUS-n15s29,190.0,-18.90305556
1407,SPLUS-n15s30,191.4291667,-18.90305556
1408,SPLUS-n15s31,192.8583333,-18.90305556
1409,SPLUS-n15s32,194.2875,-18.90305556
1410,SPLUS-n15s33,195.7125,-18.90305556
1411,SPLUS-n15s34,197.1416667,-18.90305556
1412,SPLUS-n15s35,198.5708333,-18.90305556
1413,SPLUS-n15s36,200.0,-18.90305556
1414,SPLUS-n15s37,201.4291667,-18.90305556
1415,SPLUS-n15s38,202.8583333,-18.90305556
1416,SPLUS-n15s39,204.2875,-18.90305556
1417,SPLUS-n15s40,205.7125,-18.90305556
1418,SPLUS-n15s41,207.1416667,-18.90305556
1419,SPLUS-n15s42,208.5708333,-18.90305556
1420,SPLUS-n15s43,210.0,-18.90305556
1421,SPLUS-n15s44,211.4291667,-18.90305556
1422,SPLUS-n15s45,212.8583333,-18.90305556
1423,SPLUS-n15s46,214.2875,-18.90305556
1424,SPLUS-n15s47,215.7125,-18.90305556
1425,SPLUS-n15s48,217.1416667,-18.90305556
1426,SPLUS-n15s49,218.5708333,-18.90305556
1427,SPLUS-n15s50,220.0,-18.90305556
1428,SPLUS-n15s51,221.4291667,-18.90305556
1429,SPLUS-n15s52,222.8583333,-18.90305556
1430,SPLUS-n15s53,224.2875,-18.90305556
1431,SPLUS-n16s01,151.2,-20.24277778
1432,SPLUS-n16s02,152.6416667,-20.24277778
1433,SPLUS-n16s03,154.0791667,-20.24277778
1434,SPLUS-n16s04,155.5208333,-20.24277778
1435,SPLUS-n16s05,156.9583333,-20.24277778
1436,SPLUS-n16s06,158.4,-20.24277778
1437,SPLUS-n16s07,159.8416667,-20.24277778
1438,SPLUS-n16s08,161.2791667,-20.24277778
1439,SPLUS-n16s09,162.7208333,-20.24277778
1440,SPLUS-n16s10,164.1583333,-20.24277778
1441,SPLUS-n16s11,165.6,-20.24277778
1442,SPLUS-n16s12,167.0416667,-20.24277778
1443,SPLUS-n16s13,168.4791667,-20.24277778
1444,SPLUS-n16s14,169.9208333,-20.24277778
1445,SPLUS-n16s15,171.3583333,-20.24277778
1446,SPLUS-n16s16,172.8,-20.24277778
1447,SPLUS-n16s17,174.2416667,-20.24277778
1448,SPLUS-n16s18,175.6791667,-20.24277778
1449,SPLUS-n16s19,177.1208333,-20.24277778
1450,SPLUS-n16s20,178.5583333,-20.24277778
1451,SPLUS-n16s21,180.0,-20.24277778
1452,SPLUS-n16s22,181.4416667,-20.24277778
1453,SPLUS-n16s23,182.8791667,-20.24277778
1454,SPLUS-n16s24,184.3208333,-20.24277778
1455,SPLUS-n16s25,185.7583333,-20.24277778
1456,SPLUS-n16s26,187.2,-20.24277778
1457,SPLUS-n16s27,188.6416667,-20.24277778
1458,SPLUS-n16s28,190.0791667,-20.24277778
1459,SPLUS-n16s29,191.5208333,-20.24277778
1460,SPLUS-n16s30,192.9583333,-20.24277778
1461,SPLUS-n16s31,194.4,-20.24277778
1462,SPLUS-n16s32,195.8416667,-20.24277778
1463,SPLUS-n16s33,197.2791667,-20.24277778
1464,SPLUS-n16s34,198.7208333,-20.24277778
1465,SPLUS-n16s35,200.1583333,-20.24277778
1466,SPLUS-n16s36,201.6,-20.24277778
1467,SPLUS-n16s37,203.0416667,-20.24277778
1468,SPLUS-n16s38,204.4791667,-20.24277778
1469,SPLUS-n16s39,205.9208333,-20.24277778
1470,SPLUS-n16s40,207.3583333,-20.24277778
1471,SPLUS-n16s41,208.8,-20.24277778
1472,SPLUS-n16s42,210.2416667,-20.24277778
1473,SPLUS-n16s43,211.6791667,-20.24277778
1474,SPLUS-n16s44,213.1208333,-20.24277778
1475,SPLUS-n16s45,214.5583333,-20.24277778
1476,SPLUS-n16s46,216.0,-20.24277778
1477,SPLUS-n16s47,217.4416667,-20.24277778
1478,SPLUS-n16s48,218.8791667,-20.24277778
1479,SPLUS-n16s49,220.3208333,-20.24277778
1480,SPLUS-n16s50,221.7583333,-20.24277778
1481,SPLUS-n16s51,223.2,-20.24277778
1482,SPLUS-n16s52,224.6416667,-20.24277778
1483,SPLUS-n17s01,150.9666667,-21.58055556
1484,SPLUS-n17s02,152.4208333,-21.58055556
1485,SPLUS-n17s03,153.8708333,-21.58055556
1486,SPLUS-n17s04,155.3208333,-21.58055556
1487,SPLUS-n17s05,156.775,-21.58055556
1488,SPLUS-n17s06,158.225,-21.58055556
1489,SPLUS-n17s07,159.6791667,-21.58055556
1490,SPLUS-n17s08,161.1291667,-21.58055556
1491,SPLUS-n17s09,162.5791667,-21.58055556
1492,SPLUS-n17s10,164.0333333,-21.58055556
1493,SPLUS-n17s11,165.4833333,-21.58055556
1494,SPLUS-n17s12,166.9375,-21.58055556
1495,SPLUS-n17s13,168.3875,-21.58055556
1496,SPLUS-n17s14,169.8375,-21.58055556
1497,SPLUS-n17s15,171.2916667,-21.58055556
1498,SPLUS-n17s16,172.7416667,-21.58055556
1499,SPLUS-n17s17,174.1916667,-21.58055556
1500,SPLUS-n17s18,175.6458333,-21.58055556
1501,SPLUS-n17s19,177.0958333,-21.58055556
1502,SPLUS-n17s20,178.55,-21.58055556
1503,SPLUS-n17s21,180.0,-21.58055556
1504,SPLUS-n17s22,181.45,-21.58055556
1505,SPLUS-n17s23,182.9041667,-21.58055556
1506,SPLUS-n17s24,184.3541667,-21.58055556
1507,SPLUS-n17s25,185.8083333,-21.58055556
1508,SPLUS-n17s26,187.2583333,-21.58055556
1509,SPLUS-n17s27,188.7083333,-21.58055556
1510,SPLUS-n17s28,190.1625,-21.58055556
1511,SPLUS-n17s29,191.6125,-21.58055556
1512,SPLUS-n17s30,193.0625,-21.58055556
1513,SPLUS-n17s31,194.5166667,-21.58055556
1514,SPLUS-n17s32,195.9666667,-21.58055556
1515,SPLUS-n17s33,197.4208333,-21.58055556
1516,SPLUS-n17s34,198.8708333,-21.58055556
1517,SPLUS-n17s35,200.3208333,-21.58055556
1518,SPLUS-n17s36,201.775,-21.58055556
1519,SPLUS-n17s37,203.225,-21.58055556
1520,SPLUS-n17s38,204.6791667,-21.58055556
1521,SPLUS-n17s39,206.1291667,-21.58055556
1522,SPLUS-n17s40,207.5791667,-21.58055556
1523,SPLUS-n17s41,209.0333333,-21.58055556
1524,SPLUS-n17s42,210.4833333,-21.58055556
1525,SPLUS-n17s43,211.9375,-21.58055556
1526,SPLUS-n17s44,213.3875,-21.58055556
1527,SPLUS-n17s45,214.8375,-21.58055556
1528,SPLUS-n17s46,216.2916667,-21.58055556
1529,SPLUS-n17s47,217.7416667,-21.58055556
1530,SPLUS-n17s48,219.1916667,-21.58055556
1531,SPLUS-n17s49,220.6458333,-21.58055556
1532,SPLUS-n17s50,222.0958333,-21.58055556
1533,SPLUS-n17s51,223.55,-21.58055556
1534,SPLUS-n17s52,225.0,-21.58055556
1535,SPLUS-n18s01,150.7333333,-22.91722222
1536,SPLUS-n18s02,152.1958333,-22.91722222
1537,SPLUS-n18s03,153.6583333,-22.91722222
1538,SPLUS-n18s04,155.1208333,-22.91722222
1539,SPLUS-n18s05,156.5833333,-22.91722222
1540,SPLUS-n18s06,158.05,-22.91722222
1541,SPLUS-n18s07,159.5125,-22.91722222
1542,SPLUS-n18s08,160.975,-22.91722222
1543,SPLUS-n18s09,162.4375,-22.91722222
1544,SPLUS-n18s10,163.9041667,-22.91722222
1545,SPLUS-n18s11,165.3666667,-22.91722222
1546,SPLUS-n18s12,166.8291667,-22.91722222
1547,SPLUS-n18s13,168.2916667,-22.91722222
1548,SPLUS-n18s14,169.7541667,-22.91722222
1549,SPLUS-n18s15,171.2208333,-22.91722222
1550,SPLUS-n18s16,172.6833333,-22.91722222
1551,SPLUS-n18s17,174.1458333,-22.91722222
1552,SPLUS-n18s18,175.6083333,-22.91722222
1553,SPLUS-n18s19,177.075,-22.91722222
1554,SPLUS-n18s20,178.5375,-22.91722222
1555,SPLUS-n18s21,180.0,-22.91722222
1556,SPLUS-n18s22,181.4625,-22.91722222
1557,SPLUS-n18s23,182.925,-22.91722222
1558,SPLUS-n18s24,184.3916667,-22.91722222
1559,SPLUS-n18s25,185.8541667,-22.91722222
1560,SPLUS-n18s26,187.3166667,-22.91722222
1561,SPLUS-n18s27,188.7791667,-22.91722222
1562,SPLUS-n18s28,190.2458333,-22.91722222
1563,SPLUS-n18s29,191.7083333,-22.91722222
1564,SPLUS-n18s30,193.1708333,-22.91722222
1565,SPLUS-n18s31,194.6333333,-22.91722222
1566,SPLUS-n18s32,196.0958333,-22.91722222
1567,SPLUS-n18s33,197.5625,-22.91722222
1568,SPLUS-n18s34,199.025,-22.91722222
1569,SPLUS-n18s35,200.4875,-22.91722222
1570,SPLUS-n18s36,201.95,-22.91722222
1571,SPLUS-n18s37,203.4166667,-22.91722222
1572,SPLUS-n18s38,204.8791667,-22.91722222
1573,SPLUS-n18s39,206.3416667,-22.91722222
1574,SPLUS-n18s40,207.8041667,-22.91722222
1575,SPLUS-n18s41,209.2666667,-22.91722222
1576,SPLUS-n18s42,210.7333333,-22.91722222
1577,SPLUS-n18s43,212.1958333,-22.91722222
1578,SPLUS-n18s44,213.6583333,-22.91722222
1579,SPLUS-n18s45,215.1208333,-22.91722222
1580,SPLUS-n18s46,216.5833333,-22.91722222
1581,SPLUS-n18s47,218.05,-22.91722222
1582,SPLUS-n18s48,219.5125,-22.91722222
1583,SPLUS-n18s49,220.975,-22.91722222
1584,SPLUS-n18s50,222.4375,-22.91722222
1585,SPLUS-n18s51,223.9041667,-22.91722222
1586,SPLUS-n19s01,165.0,-24.25361111
1587,SPLUS-n19s02,166.475,-24.25361111
1588,SPLUS-n19s03,167.95,-24.25361111
1589,SPLUS-n19s04,169.425,-24.25361111
1590,SPLUS-n19s05,170.9,-24.25361111
1591,SPLUS-n19s06,172.375,-24.25361111
1592,SPLUS-n19s07,173.85,-24.25361111
1593,SPLUS-n19s08,175.325,-24.25361111
1594,SPLUS-n19s09,176.8,-24.25361111
1595,SPLUS-n19s10,178.275,-24.25361111
1596,SPLUS-n19s11,179.75,-24.25361111
1597,SPLUS-n19s12,181.225,-24.25361111
1598,SPLUS-n19s13,182.7,-24.25361111
1599,SPLUS-n19s14,184.175,-24.25361111
1600,SPLUS-n19s15,185.65,-24.25361111
1601,SPLUS-n19s16,187.125,-24.25361111
1602,SPLUS-n19s17,188.6,-24.25361111
1603,SPLUS-n19s18,190.075,-24.25361111
1604,SPLUS-n19s19,191.55,-24.25361111
1605,SPLUS-n19s20,193.025,-24.25361111
1606,SPLUS-n19s21,194.5,-24.25361111
1607,SPLUS-n19s22,195.975,-24.25361111
1608,SPLUS-n19s23,197.45,-24.25361111
1609,SPLUS-n19s24,198.925,-24.25361111
1610,SPLUS-n19s25,200.4,-24.25361111
1611,SPLUS-n19s26,201.875,-24.25361111
1612,SPLUS-n19s27,203.35,-24.25361111
1613,SPLUS-n19s28,204.825,-24.25361111
1614,SPLUS-n19s29,206.3,-24.25361111
1615,SPLUS-n19s30,207.775,-24.25361111
1616,SPLUS-n19s31,209.25,-24.25361111
1617,SPLUS-n19s32,210.725,-24.25361111
1618,SPLUS-n19s33,212.2,-24.25361111
1619,SPLUS-n19s34,213.675,-24.25361111
1620,SPLUS-n19s35,215.15,-24.25361111
1621,SPLUS-n19s36,216.625,-24.25361111
1622,SPLUS-n19s37,218.1,-24.25361111
1623,SPLUS-n19s38,219.575,-24.25361111
1624,SPLUS-n19s39,221.05,-24.25361111
1625,SPLUS-n19s40,222.525,-24.25361111
1626,SPLUS-n19s41,224.0,-24.25361111
1627,SPLUS-n20s01,165.0,-25.59
1628,SPLUS-n20s02,166.4875,-25.59
1629,SPLUS-n20s03,167.975,-25.59
1630,SPLUS-n20s04,169.4625,-25.59
1631,SPLUS-n20s05,170.95,-25.59
1632,SPLUS-n20s06,172.4375,-25.59
1633,SPLUS-n20s07,173.925,-25.59
1634,SPLUS-n20s08,175.4125,-25.59
1635,SPLUS-n20s09,176.9,-25.59
1636,SPLUS-n20s10,178.3875,-25.59
1637,SPLUS-n20s11,179.875,-25.59
1638,SPLUS-n20s12,181.3625,-25.59
1639,SPLUS-n20s13,182.85,-25.59
1640,SPLUS-n20s14,184.3375,-25.59
1641,SPLUS-n20s15,185.825,-25.59
1642,SPLUS-n20s16,187.3125,-25.59
1643,SPLUS-n20s17,188.8,-25.59
1644,SPLUS-n20s18,190.2875,-25.59
1645,SPLUS-n20s19,191.775,-25.59
1646,SPLUS-n20s20,193.2625,-25.59
1647,SPLUS-n20s21,194.75,-25.59
1648,SPLUS-n20s22,196.2375,-25.59
1649,SPLUS-n20s23,197.725,-25.59
1650,SPLUS-n20s24,199.2125,-25.59
1651,SPLUS-n20s25,200.7,-25.59
1652,SPLUS-n20s26,202.1875,-25.59
1653,SPLUS-n20s27,203.675,-25.59
1654,SPLUS-n20s28,205.1625,-25.59
1655,SPLUS-n20s29,206.65,-25.59
1656,SPLUS-n20s30,208.1375,-25.59
1657,SPLUS-n20s31,209.625,-25.59
1658,SPLUS-n20s32,211.1125,-25.59
1659,SPLUS-n20s33,212.6,-25.59
1660,SPLUS-n20s34,214.0875,-25.59
1661,SPLUS-n20s35,215.575,-25.59
1662,SPLUS-n20s36,217.0625,-25.59
1663,SPLUS-n20s37,218.55,-25.59
1664,SPLUS-n20s38,220.0375,-25.59
1665,SPLUS-n20s39,221.525,-25.59
1666,SPLUS-n20s40,223.0125,-25.59
1667,SPLUS-n20s41,224.5,-25.59
1668,SPLUS-s02s01,324.6791667,-1.359166667
1669,SPLUS-s02s02,326.0375,-1.359166667
1670,SPLUS-s02s03,327.3958333,-1.359166667
1671,SPLUS-s02s04,328.7541667,-1.359166667
1672,SPLUS-s02s05,330.1125,-1.359166667
1673,SPLUS-s02s06,331.4708333,-1.359166667
1674,SPLUS-s02s07,332.8291667,-1.359166667
1675,SPLUS-s02s08,334.1875,-1.359166667
1676,SPLUS-s02s09,335.5458333,-1.359166667
1677,SPLUS-s02s10,336.9041667,-1.359166667
1678,SPLUS-s02s11,338.2625,-1.359166667
1679,SPLUS-s02s12,339.6208333,-1.359166667
1680,SPLUS-s02s13,340.9791667,-1.359166667
1681,SPLUS-s02s14,342.3416667,-1.359166667
1682,SPLUS-s02s15,343.7,-1.359166667
1683,SPLUS-s02s16,345.0583333,-1.359166667
1684,SPLUS-s02s17,346.4166667,-1.359166667
1685,SPLUS-s02s18,347.775,-1.359166667
1686,SPLUS-s02s19,349.1333333,-1.359166667
1687,SPLUS-s02s20,350.4916667,-1.359166667
1688,SPLUS-s02s21,351.85,-1.359166667
1689,SPLUS-s02s22,353.2083333,-1.359166667
1690,SPLUS-s02s23,354.5666667,-1.359166667
1691,SPLUS-s02s24,355.925,-1.359166667
1692,SPLUS-s02s25,357.2833333,-1.359166667
1693,SPLUS-s02s26,358.6416667,-1.359166667
1694,SPLUS-s03s01,324.6791667,-2.717222222
1695,SPLUS-s03s02,326.0375,-2.717222222
1696,SPLUS-s03s03,327.3958333,-2.717222222
1697,SPLUS-s03s04,328.7541667,-2.717222222
1698,SPLUS-s03s05,330.1125,-2.717222222
1699,SPLUS-s04s05,330.1125,-4.073611111
1700,SPLUS-s04s06,331.4708333,-4.073611111
1701,SPLUS-s04s07,332.8291667,-4.073611111
1702,SPLUS-s05s05,330.0,-5.428888889
1703,SPLUS-s05s06,331.3625,-5.428888889
1704,SPLUS-s05s07,332.7291667,-5.428888889
1705,SPLUS-s06s04,328.6375,-6.7825
1706,SPLUS-s06s05,330.0,-6.7825
1707,SPLUS-s06s06,331.3625,-6.7825
1708,SPLUS-s06s07,332.7291667,-6.7825
1709,SPLUS-s07s04,328.5166667,-8.135
1710,SPLUS-s07s05,329.8875,-8.135
1711,SPLUS-s07s06,331.2541667,-8.135
1712,SPLUS-s08s04,328.3958333,-9.486111111
1713,SPLUS-s08s05,329.7708333,-9.486111111
1714,SPLUS-s08s06,331.1458333,-9.486111111
1715,SPLUS-s12s02,326.3833333,-14.87583333
1716,SPLUS-s12s03,327.7833333,-14.87583333
1717,SPLUS-s12s04,329.1833333,-14.87583333
1718,SPLUS-s13s12,15.47083333,-16.21972222
1719,SPLUS-s13s13,16.875,-16.21972222
1720,SPLUS-s13s14,18.28333333,-16.21972222
1721,SPLUS-s13s23,315.0,-16.21972222
1722,SPLUS-s13s31,326.25,-16.21972222
1723,SPLUS-s13s32,327.6583333,-16.21972222
1724,SPLUS-s13s33,329.0625,-16.21972222
1725,SPLUS-s13s46,347.3458333,-16.21972222
1726,SPLUS-s14s12,15.59166667,-17.56222222
1727,SPLUS-s14s13,17.00833333,-17.56222222
1728,SPLUS-s14s14,18.425,-17.56222222
1729,SPLUS-s14s23,316.0625,-17.56222222
1730,SPLUS-s14s30,325.9833333,-17.56222222
1731,SPLUS-s14s31,327.4,-17.56222222
1732,SPLUS-s14s32,328.8208333,-17.56222222
1733,SPLUS-s15s13,17.14166667,-18.90305556
1734,SPLUS-s15s14,18.57083333,-18.90305556
1735,SPLUS-s15s23,315.7125,-18.90305556
1736,SPLUS-s15s24,317.1416667,-18.90305556
1737,SPLUS-s16s09,11.52083333,-20.24277778
1738,SPLUS-s16s11,14.4,-20.24277778
1739,SPLUS-s16s12,15.84166667,-20.24277778
1740,SPLUS-s16s13,17.27916667,-20.24277778
1741,SPLUS-s16s14,18.72083333,-20.24277778
1742,SPLUS-s16s22,315.3583333,-20.24277778
1743,SPLUS-s16s23,316.8,-20.24277778
1744,SPLUS-s16s24,318.2416667,-20.24277778
1745,SPLUS-s16s28,324.0,-20.24277778
1746,SPLUS-s17s11,14.51666667,-21.58055556
1747,SPLUS-s17s12,15.96666667,-21.58055556
1748,SPLUS-s17s13,17.42083333,-21.58055556
1749,SPLUS-s17s14,18.87083333,-21.58055556
1750,SPLUS-s17s22,315.0,-21.58055556
1751,SPLUS-s17s23,316.45,-21.58055556
1752,SPLUS-s17s24,317.9041667,-21.58055556
1753,SPLUS-s17s25,319.3541667,-21.58055556
1754,SPLUS-s17s30,326.6125,-21.58055556
1755,SPLUS-s17s40,341.1291667,-21.58055556
1756,SPLUS-s18s01,0.01666666667,-22.91722222
1757,SPLUS-s18s02,1.4625,-22.91722222
1758,SPLUS-s18s03,2.925,-22.91722222
1759,SPLUS-s18s04,4.391666667,-22.91722222
1760,SPLUS-s18s05,5.854166667,-22.91722222
1761,SPLUS-s18s06,7.316666667,-22.91722222
1762,SPLUS-s18s07,8.779166667,-22.91722222
1763,SPLUS-s18s08,10.24583333,-22.91722222
1764,SPLUS-s18s09,11.70833333,-22.91722222
1765,SPLUS-s18s11,14.63333333,-22.91722222
1766,SPLUS-s18s12,16.09583333,-22.91722222
1767,SPLUS-s18s13,17.5625,-22.91722222
1768,SPLUS-s18s14,19.025,-22.91722222
1769,SPLUS-s18s15,20.4875,-22.91722222
1770,SPLUS-s18s16,21.95,-22.91722222
1771,SPLUS-s18s19,26.34166667,-22.91722222
1772,SPLUS-s18s21,29.26666667,-22.91722222
1773,SPLUS-s18s22,316.0958333,-22.91722222
1774,SPLUS-s18s23,317.5625,-22.91722222
1775,SPLUS-s18s24,319.025,-22.91722222
1776,SPLUS-s18s25,320.4875,-22.91722222
1777,SPLUS-s18s28,324.8791667,-22.91722222
1778,SPLUS-s18s47,352.6833333,-22.91722222
1779,SPLUS-s18s50,357.075,-22.91722222
1780,SPLUS-s18s51,358.5375,-22.91722222
1781,SPLUS-s19s01,0.01666666667,-24.25222222
1782,SPLUS-s19s02,1.483333333,-24.25222222
1783,SPLUS-s19s03,2.9625,-24.25222222
1784,SPLUS-s19s04,4.445833333,-24.25222222
1785,SPLUS-s19s05,5.925,-24.25222222
1786,SPLUS-s19s06,7.408333333,-24.25222222
1787,SPLUS-s19s07,8.8875,-24.25222222
1788,SPLUS-s19s08,10.37083333,-24.25222222
1789,SPLUS-s19s09,11.85,-24.25222222
1790,SPLUS-s19s10,13.33333333,-24.25222222
1791,SPLUS-s19s11,14.81666667,-24.25222222
1792,SPLUS-s19s12,16.29583333,-24.25222222
1793,SPLUS-s19s13,17.77916667,-24.25222222
1794,SPLUS-s19s14,19.25833333,-24.25222222
1795,SPLUS-s19s15,20.74166667,-24.25222222
1796,SPLUS-s19s16,22.22083333,-24.25222222
1797,SPLUS-s19s17,23.70416667,-24.25222222
1798,SPLUS-s19s18,25.18333333,-24.25222222
1799,SPLUS-s19s19,26.66666667,-24.25222222
1800,SPLUS-s19s20,28.15,-24.25222222
1801,SPLUS-s19s21,29.62916667,-24.25222222
1802,SPLUS-s19s22,315.5541667,-24.25222222
1803,SPLUS-s19s23,317.0375,-24.25222222
1804,SPLUS-s19s24,318.5166667,-24.25222222
1805,SPLUS-s19s25,320.0,-24.25222222
1806,SPLUS-s19s30,327.4083333,-24.25222222
1807,SPLUS-s19s33,331.85,-24.25222222
1808,SPLUS-s19s34,333.3333333,-24.25222222
1809,SPLUS-s19s38,339.2583333,-24.25222222
1810,SPLUS-s19s41,343.7041667,-24.25222222
1811,SPLUS-s19s49,355.5541667,-24.25222222
1812,SPLUS-s19s50,357.0375,-24.25222222
1813,SPLUS-s19s51,358.5166667,-24.25222222
1814,SPLUS-s20s01,0.01666666667,-25.58527778
1815,SPLUS-s20s02,1.495833333,-25.58527778
1816,SPLUS-s20s03,2.9875,-25.58527778
1817,SPLUS-s20s04,4.483333333,-25.58527778
1818,SPLUS-s20s05,5.975,-25.58527778
1819,SPLUS-s20s06,7.470833333,-25.58527778
1820,SPLUS-s20s07,8.9625,-25.58527778
1821,SPLUS-s20s08,10.45833333,-25.58527778
1822,SPLUS-s20s09,11.95,-25.58527778
1823,SPLUS-s20s10,13.44583333,-25.58527778
1824,SPLUS-s20s11,14.9375,-25.58527778
1825,SPLUS-s20s12,16.43333333,-25.58527778
1826,SPLUS-s20s13,17.925,-25.58527778
1827,SPLUS-s20s14,19.42083333,-25.58527778
1828,SPLUS-s20s15,20.9125,-25.58527778
1829,SPLUS-s20s16,22.40833333,-25.58527778
1830,SPLUS-s20s17,23.9,-25.58527778
1831,SPLUS-s20s18,25.39583333,-25.58527778
1832,SPLUS-s20s19,26.8875,-25.58527778
1833,SPLUS-s20s20,28.38333333,-25.58527778
1834,SPLUS-s20s21,29.875,-25.58527778
1835,SPLUS-s20s22,315.1875,-25.58527778
1836,SPLUS-s20s23,316.6791667,-25.58527778
1837,SPLUS-s20s24,318.175,-25.58527778
1838,SPLUS-s20s25,319.6666667,-25.58527778
1839,SPLUS-s20s26,321.1625,-25.58527778
1840,SPLUS-s20s27,322.6541667,-25.58527778
1841,SPLUS-s20s28,324.15,-25.58527778
1842,SPLUS-s20s29,325.6416667,-25.58527778
1843,SPLUS-s20s30,327.1375,-25.58527778
1844,SPLUS-s20s31,328.6291667,-25.58527778
1845,SPLUS-s20s32,330.125,-25.58527778
1846,SPLUS-s20s33,331.6166667,-25.58527778
1847,SPLUS-s20s34,333.1125,-25.58527778
1848,SPLUS-s20s35,334.6041667,-25.58527778
1849,SPLUS-s20s36,336.1,-25.58527778
1850,SPLUS-s20s37,337.5916667,-25.58527778
1851,SPLUS-s20s38,339.0875,-25.58527778
1852,SPLUS-s20s39,340.5791667,-25.58527778
1853,SPLUS-s20s40,342.075,-25.58527778
1854,SPLUS-s20s41,343.5666667,-25.58527778
1855,SPLUS-s20s42,345.0625,-25.58527778
1856,SPLUS-s20s43,346.5541667,-25.58527778
1857,SPLUS-s20s44,348.05,-25.58527778
1858,SPLUS-s20s45,349.5416667,-25.58527778
1859,SPLUS-s20s46,351.0375,-25.58527778
1860,SPLUS-s20s47,352.5291667,-25.58527778
1861,SPLUS-s20s48,354.025,-25.58527778
1862,SPLUS-s20s49,355.5166667,-25.58527778
1863,SPLUS-s20s50,357.0125,-25.58527778
1864,SPLUS-s20s51,358.5041667,-25.58527778
1865,SPLUS-s21s01,0.01666666667,-26.91722222
1866,SPLUS-s21s02,1.5125,-26.91722222
1867,SPLUS-s21s03,3.025,-26.91722222
1868,SPLUS-s21s04,4.5375,-26.91722222
1869,SPLUS-s21s05,6.05,-26.91722222
1870,SPLUS-s21s06,7.5625,-26.91722222
1871,SPLUS-s21s07,9.075,-26.91722222
1872,SPLUS-s21s08,10.5875,-26.91722222
1873,SPLUS-s21s09,12.1,-26.91722222
1874,SPLUS-s21s10,13.6125,-26.91722222
1875,SPLUS-s21s11,15.125,-26.91722222
1876,SPLUS-s21s12,16.6375,-26.91722222
1877,SPLUS-s21s13,18.15,-26.91722222
1878,SPLUS-s21s14,19.6625,-26.91722222
1879,SPLUS-s21s15,21.175,-26.91722222
1880,SPLUS-s21s16,22.6875,-26.91722222
1881,SPLUS-s21s17,24.2,-26.91722222
1882,SPLUS-s21s18,25.7125,-26.91722222
1883,SPLUS-s21s19,27.225,-26.91722222
1884,SPLUS-s21s20,28.7375,-26.91722222
1885,SPLUS-s21s21,316.1333333,-26.91722222
1886,SPLUS-s21s22,317.6458333,-26.91722222
1887,SPLUS-s21s23,319.1583333,-26.91722222
1888,SPLUS-s21s24,320.6708333,-26.91722222
1889,SPLUS-s21s25,322.1833333,-26.91722222
1890,SPLUS-s21s26,323.6958333,-26.91722222
1891,SPLUS-s21s27,325.2083333,-26.91722222
1892,SPLUS-s21s28,326.7208333,-26.91722222
1893,SPLUS-s21s29,328.2333333,-26.91722222
1894,SPLUS-s21s30,329.7458333,-26.91722222
1895,SPLUS-s21s31,331.2625,-26.91722222
1896,SPLUS-s21s32,332.775,-26.91722222
1897,SPLUS-s21s33,334.2875,-26.91722222
1898,SPLUS-s21s34,335.8,-26.91722222
1899,SPLUS-s21s35,337.3125,-26.91722222
1900,SPLUS-s21s36,338.825,-26.91722222
1901,SPLUS-s21s37,340.3375,-26.91722222
1902,SPLUS-s21s38,341.85,-26.91722222
1903,SPLUS-s21s39,343.3625,-26.91722222
1904,SPLUS-s21s40,344.875,-26.91722222
1905,SPLUS-s21s41,346.3875,-26.91722222
1906,SPLUS-s21s42,347.9,-26.91722222
1907,SPLUS-s21s43,349.4125,-26.91722222
1908,SPLUS-s21s44,350.925,-26.91722222
1909,SPLUS-s21s45,352.4375,-26.91722222
1910,SPLUS-s21s46,353.95,-26.91722222
1911,SPLUS-s21s47,355.4625,-26.91722222
1912,SPLUS-s21s48,356.975,-26.91722222
1913,SPLUS-s21s49,358.4875,-26.91722222
1914,SPLUS-s22s01,0.01666666667,-28.24722222
1915,SPLUS-s22s02,1.533333333,-28.24722222
1916,SPLUS-s22s03,3.0625,-28.24722222
1917,SPLUS-s22s04,4.595833333,-28.24722222
1918,SPLUS-s22s05,6.129166667,-28.24722222
1919,SPLUS-s22s06,7.658333333,-28.24722222
1920,SPLUS-s22s07,9.191666667,-28.24722222
1921,SPLUS-s22s08,10.725,-28.24722222
1922,SPLUS-s22s09,12.25416667,-28.24722222
1923,SPLUS-s22s10,13.7875,-28.24722222
1924,SPLUS-s22s11,15.32083333,-28.24722222
1925,SPLUS-s22s12,16.85,-28.24722222
1926,SPLUS-s22s13,18.38333333,-28.24722222
1927,SPLUS-s22s14,19.91666667,-28.24722222
1928,SPLUS-s22s15,21.44583333,-28.24722222
1929,SPLUS-s22s16,22.97916667,-28.24722222
1930,SPLUS-s22s17,24.5125,-28.24722222
1931,SPLUS-s22s18,26.04166667,-28.24722222
1932,SPLUS-s22s19,27.575,-28.24722222
1933,SPLUS-s22s20,29.10833333,-28.24722222
1934,SPLUS-s22s21,315.575,-28.24722222
1935,SPLUS-s22s22,317.1083333,-28.24722222
1936,SPLUS-s22s23,318.6375,-28.24722222
1937,SPLUS-s22s24,320.1708333,-28.24722222
1938,SPLUS-s22s25,321.7041667,-28.24722222
1939,SPLUS-s22s26,323.2333333,-28.24722222
1940,SPLUS-s22s27,324.7666667,-28.24722222
1941,SPLUS-s22s28,326.2958333,-28.24722222
1942,SPLUS-s22s29,327.8291667,-28.24722222
1943,SPLUS-s22s30,329.3625,-28.24722222
1944,SPLUS-s22s31,330.8916667,-28.24722222
1945,SPLUS-s22s32,332.425,-28.24722222
1946,SPLUS-s22s34,335.4875,-28.24722222
1947,SPLUS-s22s35,337.0208333,-28.24722222
1948,SPLUS-s22s36,338.5541667,-28.24722222
1949,SPLUS-s22s37,340.0833333,-28.24722222
1950,SPLUS-s22s38,341.6166667,-28.24722222
1951,SPLUS-s22s39,343.15,-28.24722222
1952,SPLUS-s22s40,344.6791667,-28.24722222
1953,SPLUS-s22s41,346.2125,-28.24722222
1954,SPLUS-s22s42,347.7458333,-28.24722222
1955,SPLUS-s22s43,349.275,-28.24722222
1956,SPLUS-s22s44,350.8083333,-28.24722222
1957,SPLUS-s22s45,352.3416667,-28.24722222
1958,SPLUS-s22s46,353.8708333,-28.24722222
1959,SPLUS-s22s47,355.4041667,-28.24722222
1960,SPLUS-s22s48,356.9375,-28.24722222
1961,SPLUS-s22s49,358.4666667,-28.24722222
1962,SPLUS-s23s01,0.01666666667,-29.57583333
1963,SPLUS-s23s02,1.55,-29.57583333
1964,SPLUS-s23s03,3.104166667,-29.57583333
1965,SPLUS-s23s04,4.654166667,-29.57583333
1966,SPLUS-s23s05,6.208333333,-29.57583333
1967,SPLUS-s23s06,7.758333333,-29.57583333
1968,SPLUS-s23s08,10.8625,-29.57583333
1969,SPLUS-s23s09,12.4125,-29.57583333
1970,SPLUS-s23s10,13.96666667,-29.57583333
1971,SPLUS-s23s11,15.51666667,-29.57583333
1972,SPLUS-s23s12,17.07083333,-29.57583333
1973,SPLUS-s23s13,18.62083333,-29.57583333
1974,SPLUS-s23s14,20.17083333,-29.57583333
1975,SPLUS-s23s15,21.725,-29.57583333
1976,SPLUS-s23s16,23.275,-29.57583333
1977,SPLUS-s23s17,24.82916667,-29.57583333
1978,SPLUS-s23s18,26.37916667,-29.57583333
1979,SPLUS-s23s19,27.92916667,-29.57583333
1980,SPLUS-s23s20,29.48333333,-29.57583333
1981,SPLUS-s23s21,315.0,-29.57583333
1982,SPLUS-s23s22,316.55,-29.57583333
1983,SPLUS-s23s23,318.1041667,-29.57583333
1984,SPLUS-s23s24,319.6541667,-29.57583333
1985,SPLUS-s23s25,321.2083333,-29.57583333
1986,SPLUS-s23s26,322.7583333,-29.57583333
1987,SPLUS-s23s27,324.3083333,-29.57583333
1988,SPLUS-s23s28,325.8625,-29.57583333
1989,SPLUS-s23s29,327.4125,-29.57583333
1990,SPLUS-s23s30,328.9666667,-29.57583333
1991,SPLUS-s23s31,330.5166667,-29.57583333
1992,SPLUS-s23s32,332.0708333,-29.57583333
1993,SPLUS-s23s33,333.6208333,-29.57583333
1994,SPLUS-s23s34,335.1708333,-29.57583333
1995,SPLUS-s23s35,336.725,-29.57583333
1996,SPLUS-s23s36,338.275,-29.57583333
1997,SPLUS-s23s37,339.8291667,-29.57583333
1998,SPLUS-s23s38,341.3791667,-29.57583333
1999,SPLUS-s23s39,342.9291667,-29.57583333
2000,SPLUS-s23s40,344.4833333,-29.57583333
2001,SPLUS-s23s41,346.0333333,-29.57583333
2002,SPLUS-s23s42,347.5875,-29.57583333
2003,SPLUS-s23s43,349.1375,-29.57583333
2004,SPLUS-s23s44,350.6916667,-29.57583333
2005,SPLUS-s23s45,352.2416667,-29.57583333
2006,SPLUS-s23s46,353.7916667,-29.57583333
2007,SPLUS-s23s47,355.3458333,-29.57583333
2008,SPLUS-s23s48,356.8958333,-29.57583333
2009,SPLUS-s23s49,358.45,-29.57583333
2010,SPLUS-s24s01,0.01666666667,-30.90222222
2011,SPLUS-s24s02,1.570833333,-30.90222222
2012,SPLUS-s24s03,3.145833333,-30.90222222
2013,SPLUS-s24s04,4.716666667,-30.90222222
2014,SPLUS-s24s05,6.2875,-30.90222222
2015,SPLUS-s24s06,7.858333333,-30.90222222
2016,SPLUS-s24s07,9.433333333,-30.90222222
2017,SPLUS-s24s08,11.00416667,-30.90222222
2018,SPLUS-s24s09,12.575,-30.90222222
2019,SPLUS-s24s10,14.15,-30.90222222
2020,SPLUS-s24s11,15.72083333,-30.90222222
2021,SPLUS-s24s12,17.29166667,-30.90222222
2022,SPLUS-s24s13,18.86666667,-30.90222222
2023,SPLUS-s24s14,20.4375,-30.90222222
2024,SPLUS-s24s15,22.00833333,-30.90222222
2025,SPLUS-s24s16,23.57916667,-30.90222222
2026,SPLUS-s24s17,25.15416667,-30.90222222
2027,SPLUS-s24s18,26.725,-30.90222222
2028,SPLUS-s24s19,28.29583333,-30.90222222
2029,SPLUS-s24s20,29.87083333,-30.90222222
2030,SPLUS-s24s21,31.44166667,-30.90222222
2031,SPLUS-s24s22,33.0125,-30.90222222
2032,SPLUS-s24s23,34.58333333,-30.90222222
2033,SPLUS-s24s24,36.15833333,-30.90222222
2034,SPLUS-s24s25,37.72916667,-30.90222222
2035,SPLUS-s24s26,39.3,-30.90222222
2036,SPLUS-s24s27,40.875,-30.90222222
2037,SPLUS-s24s28,42.44583333,-30.90222222
2038,SPLUS-s24s29,44.01666667,-30.90222222
2039,SPLUS-s24s31,47.1625,-30.90222222
2040,SPLUS-s24s32,48.73333333,-30.90222222
2041,SPLUS-s24s33,50.30416667,-30.90222222
2042,SPLUS-s24s34,51.87916667,-30.90222222
2043,SPLUS-s24s35,53.45,-30.90222222
2044,SPLUS-s24s36,55.02083333,-30.90222222
2045,SPLUS-s24s37,56.59583333,-30.90222222
2046,SPLUS-s24s38,58.16666667,-30.90222222
2047,SPLUS-s24s39,59.7375,-30.90222222
2048,SPLUS-s24s40,61.30833333,-30.90222222
2049,SPLUS-s24s41,62.88333333,-30.90222222
2050,SPLUS-s24s42,64.45416667,-30.90222222
2051,SPLUS-s24s43,66.025,-30.90222222
2052,SPLUS-s24s44,67.6,-30.90222222
2053,SPLUS-s24s45,69.17083333,-30.90222222
2054,SPLUS-s24s46,70.74166667,-30.90222222
2055,SPLUS-s24s47,72.3125,-30.90222222
2056,SPLUS-s24s48,73.8875,-30.90222222
2057,SPLUS-s24s49,315.9833333,-30.90222222
2058,SPLUS-s24s50,317.5541667,-30.90222222
2059,SPLUS-s24s51,319.125,-30.90222222
2060,SPLUS-s24s52,320.7,-30.90222222
2061,SPLUS-s24s53,322.2708333,-30.90222222
2062,SPLUS-s24s54,323.8416667,-30.90222222
2063,SPLUS-s24s55,325.4166667,-30.90222222
2064,SPLUS-s24s56,326.9875,-30.90222222
2065,SPLUS-s24s57,328.5583333,-30.90222222
2066,SPLUS-s24s58,330.1291667,-30.90222222
2067,SPLUS-s24s59,331.7041667,-30.90222222
2068,SPLUS-s24s60,333.275,-30.90222222
2069,SPLUS-s24s61,334.8458333,-30.90222222
2070,SPLUS-s24s62,336.4208333,-30.90222222
2071,SPLUS-s24s63,337.9916667,-30.90222222
2072,SPLUS-s24s64,339.5625,-30.90222222
2073,SPLUS-s24s65,341.1333333,-30.90222222
2074,SPLUS-s24s66,342.7083333,-30.90222222
2075,SPLUS-s24s67,344.2791667,-30.90222222
2076,SPLUS-s24s68,345.85,-30.90222222
2077,SPLUS-s24s69,347.425,-30.90222222
2078,SPLUS-s24s70,348.9958333,-30.90222222
2079,SPLUS-s24s71,350.5666667,-30.90222222
2080,SPLUS-s24s72,352.1416667,-30.90222222
2081,SPLUS-s24s73,353.7125,-30.90222222
2082,SPLUS-s24s74,355.2833333,-30.90222222
2083,SPLUS-s24s75,356.8541667,-30.90222222
2084,SPLUS-s24s76,358.4291667,-30.90222222
2085,SPLUS-s25s01,0.01666666667,-32.22722222
2086,SPLUS-s25s02,1.591666667,-32.22722222
2087,SPLUS-s25s03,3.1875,-32.22722222
2088,SPLUS-s25s04,4.779166667,-32.22722222
2089,SPLUS-s25s05,6.370833333,-32.22722222
2090,SPLUS-s25s06,7.966666667,-32.22722222
2091,SPLUS-s25s07,9.558333333,-32.22722222
2092,SPLUS-s25s08,11.15,-32.22722222
2093,SPLUS-s25s09,12.74166667,-32.22722222
2094,SPLUS-s25s10,14.3375,-32.22722222
2095,SPLUS-s25s11,15.92916667,-32.22722222
2096,SPLUS-s25s12,17.52083333,-32.22722222
2097,SPLUS-s25s13,19.11666667,-32.22722222
2098,SPLUS-s25s14,20.70833333,-32.22722222
2099,SPLUS-s25s15,22.3,-32.22722222
2100,SPLUS-s25s16,23.89583333,-32.22722222
2101,SPLUS-s25s17,25.4875,-32.22722222
2102,SPLUS-s25s18,27.07916667,-32.22722222
2103,SPLUS-s25s19,28.67083333,-32.22722222
2104,SPLUS-s25s20,30.26666667,-32.22722222
2105,SPLUS-s25s21,31.85833333,-32.22722222
2106,SPLUS-s25s22,33.45,-32.22722222
2107,SPLUS-s25s23,35.04583333,-32.22722222
2108,SPLUS-s25s24,36.6375,-32.22722222
2109,SPLUS-s25s26,39.825,-32.22722222
2110,SPLUS-s25s27,41.41666667,-32.22722222
2111,SPLUS-s25s28,43.00833333,-32.22722222
2112,SPLUS-s25s29,44.6,-32.22722222
2113,SPLUS-s25s30,46.19583333,-32.22722222
2114,SPLUS-s25s31,47.7875,-32.22722222
2115,SPLUS-s25s32,49.37916667,-32.22722222
2116,SPLUS-s25s33,50.975,-32.22722222
2117,SPLUS-s25s34,52.56666667,-32.22722222
2118,SPLUS-s25s35,54.15833333,-32.22722222
2119,SPLUS-s25s36,55.75416667,-32.22722222
2120,SPLUS-s25s37,57.34583333,-32.22722222
2121,SPLUS-s25s38,58.9375,-32.22722222
2122,SPLUS-s25s39,60.52916667,-32.22722222
2123,SPLUS-s25s40,62.125,-32.22722222
2124,SPLUS-s25s41,63.71666667,-32.22722222
2125,SPLUS-s25s42,65.30833333,-32.22722222
2126,SPLUS-s25s43,66.90416667,-32.22722222
2127,SPLUS-s25s44,68.49583333,-32.22722222
2128,SPLUS-s25s45,70.0875,-32.22722222
2129,SPLUS-s25s46,71.68333333,-32.22722222
2130,SPLUS-s25s47,73.275,-32.22722222
2131,SPLUS-s25s48,74.86666667,-32.22722222
2132,SPLUS-s25s49,315.4,-32.22722222
2133,SPLUS-s25s50,316.9916667,-32.22722222
2134,SPLUS-s25s51,318.5833333,-32.22722222
2135,SPLUS-s25s52,320.175,-32.22722222
2136,SPLUS-s25s53,321.7708333,-32.22722222
2137,SPLUS-s25s54,323.3625,-32.22722222
2138,SPLUS-s25s55,324.9541667,-32.22722222
2139,SPLUS-s25s56,326.55,-32.22722222
2140,SPLUS-s25s57,328.1416667,-32.22722222
2141,SPLUS-s25s58,329.7333333,-32.22722222
2142,SPLUS-s25s59,331.3291667,-32.22722222
2143,SPLUS-s25s60,332.9208333,-32.22722222
2144,SPLUS-s25s61,334.5125,-32.22722222
2145,SPLUS-s25s62,336.1041667,-32.22722222
2146,SPLUS-s25s63,337.7,-32.22722222
2147,SPLUS-s25s64,339.2916667,-32.22722222
2148,SPLUS-s25s65,340.8833333,-32.22722222
2149,SPLUS-s25s66,342.4791667,-32.22722222
2150,SPLUS-s25s67,344.0708333,-32.22722222
2151,SPLUS-s25s68,345.6625,-32.22722222
2152,SPLUS-s25s69,347.2583333,-32.22722222
2153,SPLUS-s25s70,348.85,-32.22722222
2154,SPLUS-s25s71,350.4416667,-32.22722222
2155,SPLUS-s25s72,352.0333333,-32.22722222
2156,SPLUS-s25s73,353.6291667,-32.22722222
2157,SPLUS-s25s74,355.2208333,-32.22722222
2158,SPLUS-s25s75,356.8125,-32.22722222
2159,SPLUS-s25s76,358.4083333,-32.22722222
2160,SPLUS-s26s01,0.01666666667,-33.55027778
2161,SPLUS-s26s02,1.6125,-33.55027778
2162,SPLUS-s26s03,3.229166667,-33.55027778
2163,SPLUS-s26s04,4.841666667,-33.55027778
2164,SPLUS-s26s05,6.458333333,-33.55027778
2165,SPLUS-s26s06,8.070833333,-33.55027778
2166,SPLUS-s26s07,9.6875,-33.55027778
2167,SPLUS-s26s09,12.91666667,-33.55027778
2168,SPLUS-s26s11,16.14166667,-33.55027778
2169,SPLUS-s26s12,17.75833333,-33.55027778
2170,SPLUS-s26s13,19.37083333,-33.55027778
2171,SPLUS-s26s14,20.9875,-33.55027778
2172,SPLUS-s26s15,22.6,-33.55027778
2173,SPLUS-s26s16,24.21666667,-33.55027778
2174,SPLUS-s26s17,25.82916667,-33.55027778
2175,SPLUS-s26s18,27.44583333,-33.55027778
2176,SPLUS-s26s19,29.05833333,-33.55027778
2177,SPLUS-s26s20,30.67083333,-33.55027778
2178,SPLUS-s26s21,32.2875,-33.55027778
2179,SPLUS-s26s22,33.9,-33.55027778
2180,SPLUS-s26s23,35.51666667,-33.55027778
2181,SPLUS-s26s24,37.12916667,-33.55027778
2182,SPLUS-s26s25,38.74583333,-33.55027778
2183,SPLUS-s26s26,40.35833333,-33.55027778
2184,SPLUS-s26s27,41.975,-33.55027778
2185,SPLUS-s26s28,43.5875,-33.55027778
2186,SPLUS-s26s29,45.2,-33.55027778
2187,SPLUS-s26s30,46.81666667,-33.55027778
2188,SPLUS-s26s31,48.42916667,-33.55027778
2189,SPLUS-s26s32,50.04583333,-33.55027778
2190,SPLUS-s26s33,51.65833333,-33.55027778
2191,SPLUS-s26s34,53.275,-33.55027778
2192,SPLUS-s26s35,54.8875,-33.55027778
2193,SPLUS-s26s36,56.50416667,-33.55027778
2194,SPLUS-s26s37,58.11666667,-33.55027778
2195,SPLUS-s26s38,59.72916667,-33.55027778
2196,SPLUS-s26s39,61.34583333,-33.55027778
2197,SPLUS-s26s40,62.95833333,-33.55027778
2198,SPLUS-s26s41,64.575,-33.55027778
2199,SPLUS-s26s42,66.1875,-33.55027778
2200,SPLUS-s26s43,67.80416667,-33.55027778
2201,SPLUS-s26s44,69.41666667,-33.55027778
2202,SPLUS-s26s45,71.03333333,-33.55027778
2203,SPLUS-s26s46,72.64583333,-33.55027778
2204,SPLUS-s26s47,74.25833333,-33.55027778
2205,SPLUS-s26s48,316.4125,-33.55027778
2206,SPLUS-s26s49,318.025,-33.55027778
2207,SPLUS-s26s50,319.6416667,-33.55027778
2208,SPLUS-s26s51,321.2541667,-33.55027778
2209,SPLUS-s26s52,322.8708333,-33.55027778
2210,SPLUS-s26s53,324.4833333,-33.55027778
2211,SPLUS-s26s54,326.1,-33.55027778
2212,SPLUS-s26s55,327.7125,-33.55027778
2213,SPLUS-s26s56,329.3291667,-33.55027778
2214,SPLUS-s26s57,330.9416667,-33.55027778
2215,SPLUS-s26s58,332.5541667,-33.55027778
2216,SPLUS-s26s59,334.1708333,-33.55027778
2217,SPLUS-s26s61,337.4,-33.55027778
2218,SPLUS-s26s62,339.0125,-33.55027778
2219,SPLUS-s26s63,340.6291667,-33.55027778
2220,SPLUS-s26s65,343.8583333,-33.55027778
2221,SPLUS-s26s66,345.4708333,-33.55027778
2222,SPLUS-s26s67,347.0833333,-33.55027778
2223,SPLUS-s26s68,348.7,-33.55027778
2224,SPLUS-s26s69,350.3125,-33.55027778
2225,SPLUS-s26s70,351.9291667,-33.55027778
2226,SPLUS-s26s71,353.5416667,-33.55027778
2227,SPLUS-s26s72,355.1583333,-33.55027778
2228,SPLUS-s26s73,356.7708333,-33.55027778
2229,SPLUS-s26s74,358.3875,-33.55027778
2230,SPLUS-s27s02,1.645833333,-34.87166667
2231,SPLUS-s27s03,3.2875,-34.87166667
2232,SPLUS-s27s04,4.933333333,-34.87166667
2233,SPLUS-s27s05,6.575,-34.87166667
2234,SPLUS-s27s06,8.220833333,-34.87166667
2235,SPLUS-s27s07,9.8625,-34.87166667
2236,SPLUS-s27s08,11.50833333,-34.87166667
2237,SPLUS-s27s09,13.15,-34.87166667
2238,SPLUS-s27s10,14.79583333,-34.87166667
2239,SPLUS-s27s11,16.4375,-34.87166667
2240,SPLUS-s27s12,18.08333333,-34.87166667
2241,SPLUS-s27s13,19.725,-34.87166667
2242,SPLUS-s27s14,21.37083333,-34.87166667
2243,SPLUS-s27s15,23.0125,-34.87166667
2244,SPLUS-s27s16,24.65833333,-34.87166667
2245,SPLUS-s27s17,26.3,-34.87166667
2246,SPLUS-s27s18,27.94583333,-34.87166667
2247,SPLUS-s27s19,29.5875,-34.87166667
2248,SPLUS-s27s20,31.23333333,-34.87166667
2249,SPLUS-s27s21,32.875,-34.87166667
2250,SPLUS-s27s22,34.52083333,-34.87166667
2251,SPLUS-s27s23,36.1625,-34.87166667
2252,SPLUS-s27s24,37.80833333,-34.87166667
2253,SPLUS-s27s25,39.45,-34.87166667
2254,SPLUS-s27s26,41.09583333,-34.87166667
2255,SPLUS-s27s27,42.74166667,-34.87166667
2256,SPLUS-s27s28,44.38333333,-34.87166667
2257,SPLUS-s27s30,47.67083333,-34.87166667
2258,SPLUS-s27s31,49.31666667,-34.87166667
2259,SPLUS-s27s32,50.95833333,-34.87166667
2260,SPLUS-s27s33,52.60416667,-34.87166667
2261,SPLUS-s27s34,54.24583333,-34.87166667
2262,SPLUS-s27s35,55.89166667,-34.87166667
2263,SPLUS-s27s36,57.53333333,-34.87166667
2264,SPLUS-s27s37,59.17916667,-34.87166667
2265,SPLUS-s27s38,60.82083333,-34.87166667
2266,SPLUS-s27s39,62.46666667,-34.87166667
2267,SPLUS-s27s40,64.10833333,-34.87166667
2268,SPLUS-s27s41,65.75416667,-34.87166667
2269,SPLUS-s27s42,67.39583333,-34.87166667
2270,SPLUS-s27s43,69.04166667,-34.87166667
2271,SPLUS-s27s44,70.68333333,-34.87166667
2272,SPLUS-s27s45,72.32916667,-34.87166667
2273,SPLUS-s27s46,73.97083333,-34.87166667
2274,SPLUS-s27s47,315.6166667,-34.87166667
2275,SPLUS-s27s48,317.2583333,-34.87166667
2276,SPLUS-s27s49,318.9041667,-34.87166667
2277,SPLUS-s27s50,320.55,-34.87166667
2278,SPLUS-s27s51,322.1916667,-34.87166667
2279,SPLUS-s27s52,323.8375,-34.87166667
2280,SPLUS-s27s53,325.4791667,-34.87166667
2281,SPLUS-s27s54,327.125,-34.87166667
2282,SPLUS-s27s55,328.7666667,-34.87166667
2283,SPLUS-s27s56,330.4125,-34.87166667
2284,SPLUS-s27s57,332.0541667,-34.87166667
2285,SPLUS-s27s58,333.7,-34.87166667
2286,SPLUS-s27s69,351.7791667,-34.87166667
2287,SPLUS-s27s70,353.425,-34.87166667
2288,SPLUS-s27s71,355.0666667,-34.87166667
2289,SPLUS-s27s72,356.7125,-34.87166667
2290,SPLUS-s27s73,358.3541667,-34.87166667
2291,SPLUS-s28s01,0.01666666667,-36.19111111
2292,SPLUS-s28s02,1.666666667,-36.19111111
2293,SPLUS-s28s03,3.333333333,-36.19111111
2294,SPLUS-s28s04,5.0,-36.19111111
2295,SPLUS-s28s05,6.666666667,-36.19111111
2296,SPLUS-s28s06,8.333333333,-36.19111111
2297,SPLUS-s28s07,10.0,-36.19111111
2298,SPLUS-s28s08,11.66666667,-36.19111111
2299,SPLUS-s28s09,13.33333333,-36.19111111
2300,SPLUS-s28s10,15.0,-36.19111111
2301,SPLUS-s28s11,16.66666667,-36.19111111
2302,SPLUS-s28s12,18.33333333,-36.19111111
2303,SPLUS-s28s13,20.0,-36.19111111
2304,SPLUS-s28s14,21.66666667,-36.19111111
2305,SPLUS-s28s15,23.33333333,-36.19111111
2306,SPLUS-s28s16,25.0,-36.19111111
2307,SPLUS-s28s17,26.66666667,-36.19111111
2308,SPLUS-s28s18,28.33333333,-36.19111111
2309,SPLUS-s28s19,30.0,-36.19111111
2310,SPLUS-s28s20,31.66666667,-36.19111111
2311,SPLUS-s28s21,33.33333333,-36.19111111
2312,SPLUS-s28s22,35.0,-36.19111111
2313,SPLUS-s28s23,36.66666667,-36.19111111
2314,SPLUS-s28s24,38.33333333,-36.19111111
2315,SPLUS-s28s25,40.0,-36.19111111
2316,SPLUS-s28s26,41.66666667,-36.19111111
2317,SPLUS-s28s27,43.33333333,-36.19111111
2318,SPLUS-s28s28,45.0,-36.19111111
2319,SPLUS-s28s29,46.66666667,-36.19111111
2320,SPLUS-s28s30,48.33333333,-36.19111111
2321,SPLUS-s28s31,50.0,-36.19111111
2322,SPLUS-s28s32,51.66666667,-36.19111111
2323,SPLUS-s28s33,53.33333333,-36.19111111
2324,SPLUS-s28s34,55.0,-36.19111111
2325,SPLUS-s28s35,56.66666667,-36.19111111
2326,SPLUS-s28s36,58.33333333,-36.19111111
2327,SPLUS-s28s37,60.0,-36.19111111
2328,SPLUS-s28s38,61.66666667,-36.19111111
2329,SPLUS-s28s39,63.33333333,-36.19111111
2330,SPLUS-s28s40,65.0,-36.19111111
2331,SPLUS-s28s41,66.66666667,-36.19111111
2332,SPLUS-s28s42,68.33333333,-36.19111111
2333,SPLUS-s28s43,70.0,-36.19111111
2334,SPLUS-s28s44,71.66666667,-36.19111111
2335,SPLUS-s28s45,73.33333333,-36.19111111
2336,SPLUS-s28s46,75.0,-36.19111111
2337,SPLUS-s28s47,315.0,-36.19111111
2338,SPLUS-s28s48,316.6666667,-36.19111111
2339,SPLUS-s28s49,318.3333333,-36.19111111
2340,SPLUS-s28s50,320.0,-36.19111111
2341,SPLUS-s28s51,321.6666667,-36.19111111
2342,SPLUS-s28s71,355.0,-36.19111111
2343,SPLUS-s28s72,356.6666667,-36.19111111
2344,SPLUS-s28s73,358.3333333,-36.19111111
2345,SPLUS-s29s01,0.01666666667,-37.50861111
2346,SPLUS-s29s02,1.7,-37.50861111
2347,SPLUS-s29s03,3.395833333,-37.50861111
2348,SPLUS-s29s04,5.095833333,-37.50861111
2349,SPLUS-s29s05,6.791666667,-37.50861111
2350,SPLUS-s29s06,8.491666667,-37.50861111
2351,SPLUS-s29s07,10.1875,-37.50861111
2352,SPLUS-s29s08,11.8875,-37.50861111
2353,SPLUS-s29s09,13.58333333,-37.50861111
2354,SPLUS-s29s10,15.28333333,-37.50861111
2355,SPLUS-s29s11,16.97916667,-37.50861111
2356,SPLUS-s29s12,18.67916667,-37.50861111
2357,SPLUS-s29s13,20.37916667,-37.50861111
2358,SPLUS-s29s14,22.075,-37.50861111
2359,SPLUS-s29s15,23.775,-37.50861111
2360,SPLUS-s29s16,25.47083333,-37.50861111
2361,SPLUS-s29s17,27.17083333,-37.50861111
2362,SPLUS-s29s18,28.86666667,-37.50861111
2363,SPLUS-s29s19,30.56666667,-37.50861111
2364,SPLUS-s29s20,32.2625,-37.50861111
2365,SPLUS-s29s21,33.9625,-37.50861111
2366,SPLUS-s29s22,35.65833333,-37.50861111
2367,SPLUS-s29s23,37.35833333,-37.50861111
2368,SPLUS-s29s24,39.05833333,-37.50861111
2369,SPLUS-s29s25,40.75416667,-37.50861111
2370,SPLUS-s29s26,42.45416667,-37.50861111
2371,SPLUS-s29s27,44.15,-37.50861111
2372,SPLUS-s29s28,45.85,-37.50861111
2373,SPLUS-s29s29,47.54583333,-37.50861111
2374,SPLUS-s29s30,49.24583333,-37.50861111
2375,SPLUS-s29s31,50.94166667,-37.50861111
2376,SPLUS-s29s32,52.64166667,-37.50861111
2377,SPLUS-s29s33,54.34166667,-37.50861111
2378,SPLUS-s29s34,56.0375,-37.50861111
2379,SPLUS-s29s35,57.7375,-37.50861111
2380,SPLUS-s29s36,59.43333333,-37.50861111
2381,SPLUS-s29s37,61.13333333,-37.50861111
2382,SPLUS-s29s38,62.82916667,-37.50861111
2383,SPLUS-s29s39,64.52916667,-37.50861111
2384,SPLUS-s29s40,66.225,-37.50861111
2385,SPLUS-s29s41,67.925,-37.50861111
2386,SPLUS-s29s42,69.62083333,-37.50861111
2387,SPLUS-s29s43,71.32083333,-37.50861111
2388,SPLUS-s29s44,73.02083333,-37.50861111
2389,SPLUS-s29s45,74.71666667,-37.50861111
2390,SPLUS-s29s46,315.85,-37.50861111
2391,SPLUS-s29s47,317.5458333,-37.50861111
2392,SPLUS-s29s48,319.2458333,-37.50861111
2393,SPLUS-s29s49,320.9416667,-37.50861111
2394,SPLUS-s29s65,348.1125,-37.50861111
2395,SPLUS-s29s71,358.3,-37.50861111
2396,SPLUS-s30s02,1.720833333,-38.82388889
2397,SPLUS-s30s03,3.445833333,-38.82388889
2398,SPLUS-s30s04,5.166666667,-38.82388889
2399,SPLUS-s30s05,6.891666667,-38.82388889
2400,SPLUS-s30s06,8.6125,-38.82388889
2401,SPLUS-s30s07,10.33333333,-38.82388889
2402,SPLUS-s30s08,12.05833333,-38.82388889
2403,SPLUS-s30s09,13.77916667,-38.82388889
2404,SPLUS-s30s10,15.50416667,-38.82388889
2405,SPLUS-s30s11,17.225,-38.82388889
2406,SPLUS-s30s12,18.94583333,-38.82388889
2407,SPLUS-s30s13,20.67083333,-38.82388889
2408,SPLUS-s30s14,22.39166667,-38.82388889
2409,SPLUS-s30s15,24.11666667,-38.82388889
2410,SPLUS-s30s16,25.8375,-38.82388889
2411,SPLUS-s30s17,27.55833333,-38.82388889
2412,SPLUS-s30s18,29.28333333,-38.82388889
2413,SPLUS-s30s19,31.00416667,-38.82388889
2414,SPLUS-s30s20,32.72916667,-38.82388889
2415,SPLUS-s30s21,34.45,-38.82388889
2416,SPLUS-s30s22,36.17083333,-38.82388889
2417,SPLUS-s30s23,37.89583333,-38.82388889
2418,SPLUS-s30s24,39.61666667,-38.82388889
2419,SPLUS-s30s25,41.34166667,-38.82388889
2420,SPLUS-s30s26,43.0625,-38.82388889
2421,SPLUS-s30s27,44.78333333,-38.82388889
2422,SPLUS-s30s28,46.50833333,-38.82388889
2423,SPLUS-s30s29,48.22916667,-38.82388889
2424,SPLUS-s30s30,49.95416667,-38.82388889
2425,SPLUS-s30s31,51.675,-38.82388889
2426,SPLUS-s30s32,53.39583333,-38.82388889
2427,SPLUS-s30s34,56.84166667,-38.82388889
2428,SPLUS-s30s35,58.56666667,-38.82388889
2429,SPLUS-s30s36,60.2875,-38.82388889
2430,SPLUS-s30s37,62.00833333,-38.82388889
2431,SPLUS-s30s38,63.73333333,-38.82388889
2432,SPLUS-s30s39,65.45416667,-38.82388889
2433,SPLUS-s30s40,67.175,-38.82388889
2434,SPLUS-s30s41,68.9,-38.82388889
2435,SPLUS-s30s42,70.62083333,-38.82388889
2436,SPLUS-s30s43,72.34583333,-38.82388889
2437,SPLUS-s30s44,74.06666667,-38.82388889
2438,SPLUS-s30s45,315.2166667,-38.82388889
2439,SPLUS-s30s46,316.9375,-38.82388889
2440,SPLUS-s30s47,318.6583333,-38.82388889
2441,SPLUS-s30s48,320.3833333,-38.82388889
2442,SPLUS-s30s49,322.1041667,-38.82388889
2443,SPLUS-s31s01,0.01666666667,-40.13777778
2444,SPLUS-s31s09,14.05,-40.13777778
2445,SPLUS-s31s10,15.80416667,-40.13777778
2446,SPLUS-s31s11,17.5625,-40.13777778
2447,SPLUS-s31s16,26.34166667,-40.13777778
2448,SPLUS-s31s17,28.09583333,-40.13777778
2449,SPLUS-s31s18,29.85416667,-40.13777778
2450,SPLUS-s31s19,31.60833333,-40.13777778
2451,SPLUS-s31s20,33.36666667,-40.13777778
2452,SPLUS-s31s21,35.12083333,-40.13777778
2453,SPLUS-s31s22,36.87916667,-40.13777778
2454,SPLUS-s31s23,38.63333333,-40.13777778
2455,SPLUS-s31s24,40.39166667,-40.13777778
2456,SPLUS-s31s25,42.14583333,-40.13777778
2457,SPLUS-s31s26,43.90416667,-40.13777778
2458,SPLUS-s31s27,45.65833333,-40.13777778
2459,SPLUS-s31s28,47.41666667,-40.13777778
2460,SPLUS-s31s29,49.17083333,-40.13777778
2461,SPLUS-s31s30,50.925,-40.13777778
2462,SPLUS-s31s31,52.68333333,-40.13777778
2463,SPLUS-s31s32,54.4375,-40.13777778
2464,SPLUS-s31s33,56.19583333,-40.13777778
2465,SPLUS-s31s34,57.95,-40.13777778
2466,SPLUS-s31s35,59.70833333,-40.13777778
2467,SPLUS-s31s36,61.4625,-40.13777778
2468,SPLUS-s31s37,63.22083333,-40.13777778
2469,SPLUS-s31s38,64.975,-40.13777778
2470,SPLUS-s31s39,66.73333333,-40.13777778
2471,SPLUS-s31s40,68.4875,-40.13777778
2472,SPLUS-s31s41,70.24583333,-40.13777778
2473,SPLUS-s31s42,72.0,-40.13777778
2474,SPLUS-s31s45,317.8541667,-40.13777778
2475,SPLUS-s31s46,319.6083333,-40.13777778
2476,SPLUS-s31s47,321.3666667,-40.13777778
2477,SPLUS-s31s58,340.6833333,-40.13777778
2478,SPLUS-s32s14,23.28333333,-41.44916667
2479,SPLUS-s32s16,26.86666667,-41.44916667
2480,SPLUS-s32s17,28.65833333,-41.44916667
2481,SPLUS-s32s18,30.44583333,-41.44916667
2482,SPLUS-s32s19,32.2375,-41.44916667
2483,SPLUS-s32s20,34.02916667,-41.44916667
2484,SPLUS-s32s22,37.6125,-41.44916667
2485,SPLUS-s32s23,39.40416667,-41.44916667
2486,SPLUS-s32s24,41.19583333,-41.44916667
2487,SPLUS-s32s25,42.98333333,-41.44916667
2488,SPLUS-s32s26,44.775,-41.44916667
2489,SPLUS-s32s27,46.56666667,-41.44916667
2490,SPLUS-s32s28,48.35833333,-41.44916667
2491,SPLUS-s32s29,50.15,-41.44916667
2492,SPLUS-s32s30,51.94166667,-41.44916667
2493,SPLUS-s32s31,53.73333333,-41.44916667
2494,SPLUS-s32s32,55.52083333,-41.44916667
2495,SPLUS-s32s33,57.3125,-41.44916667
2496,SPLUS-s32s34,59.10416667,-41.44916667
2497,SPLUS-s32s35,60.89583333,-41.44916667
2498,SPLUS-s32s36,62.6875,-41.44916667
2499,SPLUS-s32s37,64.47916667,-41.44916667
2500,SPLUS-s32s38,66.26666667,-41.44916667
2501,SPLUS-s32s39,68.05833333,-41.44916667
2502,SPLUS-s32s40,69.85,-41.44916667
2503,SPLUS-s32s41,71.64166667,-41.44916667
2504,SPLUS-s32s42,73.43333333,-41.44916667
2505,SPLUS-s32s43,315.225,-41.44916667
2506,SPLUS-s32s44,317.0166667,-41.44916667
2507,SPLUS-s32s45,318.8041667,-41.44916667
2508,SPLUS-s32s46,320.5958333,-41.44916667
2509,SPLUS-s32s51,329.5541667,-41.44916667
2510,SPLUS-s32s52,331.3416667,-41.44916667
2511,SPLUS-s32s61,347.4625,-41.44916667
2512,SPLUS-s32s62,349.2541667,-41.44916667
2513,SPLUS-s32s65,354.625,-41.44916667
2514,SPLUS-s33s06,9.1375,-42.75833333
2515,SPLUS-s33s22,38.375,-42.75833333
2516,SPLUS-s33s23,40.20416667,-42.75833333
2517,SPLUS-s33s24,42.02916667,-42.75833333
2518,SPLUS-s33s25,43.85833333,-42.75833333
2519,SPLUS-s33s26,45.68333333,-42.75833333
2520,SPLUS-s33s27,47.5125,-42.75833333
2521,SPLUS-s33s28,49.34166667,-42.75833333
2522,SPLUS-s33s29,51.16666667,-42.75833333
2523,SPLUS-s33s30,52.99583333,-42.75833333
2524,SPLUS-s33s31,54.82083333,-42.75833333
2525,SPLUS-s33s32,56.65,-42.75833333
2526,SPLUS-s33s33,58.47916667,-42.75833333
2527,SPLUS-s33s34,60.30416667,-42.75833333
2528,SPLUS-s33s35,62.13333333,-42.75833333
2529,SPLUS-s33s36,63.95833333,-42.75833333
2530,SPLUS-s33s37,65.7875,-42.75833333
2531,SPLUS-s33s38,67.6125,-42.75833333
2532,SPLUS-s33s39,69.44166667,-42.75833333
2533,SPLUS-s33s40,71.27083333,-42.75833333
2534,SPLUS-s33s41,73.09583333,-42.75833333
2535,SPLUS-s33s42,74.925,-42.75833333
2536,SPLUS-s33s43,316.1416667,-42.75833333
2537,SPLUS-s33s44,317.9708333,-42.75833333
2538,SPLUS-s33s45,319.7958333,-42.75833333
2539,SPLUS-s33s48,325.2791667,-42.75833333
2540,SPLUS-s33s49,327.1083333,-42.75833333
2541,SPLUS-s33s50,328.9333333,-42.75833333
2542,SPLUS-s33s51,330.7625,-42.75833333
2543,SPLUS-s33s52,332.5875,-42.75833333
2544,SPLUS-s33s59,345.3791667,-42.75833333
2545,SPLUS-s33s60,347.2083333,-42.75833333
2546,SPLUS-s33s61,349.0375,-42.75833333
2547,SPLUS-s33s62,350.8625,-42.75833333
2548,SPLUS-s34s04,5.595833333,-44.06527778
2549,SPLUS-s34s10,16.7875,-44.06527778
2550,SPLUS-s34s11,18.65416667,-44.06527778
2551,SPLUS-s34s15,26.1125,-44.06527778
2552,SPLUS-s34s21,37.30416667,-44.06527778
2553,SPLUS-s34s22,39.17083333,-44.06527778
2554,SPLUS-s34s23,41.0375,-44.06527778
2555,SPLUS-s34s24,42.9,-44.06527778
2556,SPLUS-s34s25,44.76666667,-44.06527778
2557,SPLUS-s34s26,46.63333333,-44.06527778
2558,SPLUS-s34s27,48.49583333,-44.06527778
2559,SPLUS-s34s28,50.3625,-44.06527778
2560,SPLUS-s34s29,52.22916667,-44.06527778
2561,SPLUS-s34s30,54.09166667,-44.06527778
2562,SPLUS-s34s31,55.95833333,-44.06527778
2563,SPLUS-s34s32,57.825,-44.06527778
2564,SPLUS-s34s33,59.6875,-44.06527778
2565,SPLUS-s34s34,61.55416667,-44.06527778
2566,SPLUS-s34s35,63.42083333,-44.06527778
2567,SPLUS-s34s36,65.28333333,-44.06527778
2568,SPLUS-s34s37,67.15,-44.06527778
2569,SPLUS-s34s38,69.01666667,-44.06527778
2570,SPLUS-s34s39,70.87916667,-44.06527778
2571,SPLUS-s34s40,72.74583333,-44.06527778
2572,SPLUS-s34s41,74.6125,-44.06527778
2573,SPLUS-s34s42,315.2333333,-44.06527778
2574,SPLUS-s34s43,317.1,-44.06527778
2575,SPLUS-s34s44,318.9625,-44.06527778
2576,SPLUS-s34s45,320.8291667,-44.06527778
2577,SPLUS-s34s47,324.5583333,-44.06527778
2578,SPLUS-s34s48,326.425,-44.06527778
2579,SPLUS-s34s49,328.2916667,-44.06527778
2580,SPLUS-s34s50,330.1541667,-44.06527778
2581,SPLUS-s34s51,332.0208333,-44.06527778
2582,SPLUS-s34s52,333.8875,-44.06527778
2583,SPLUS-s34s59,346.9416667,-44.06527778
2584,SPLUS-s34s60,348.8083333,-44.06527778
2585,SPLUS-s34s61,350.675,-44.06527778
2586,SPLUS-s35s02,1.904166667,-45.36972222
2587,SPLUS-s35s09,15.2375,-45.36972222
2588,SPLUS-s35s10,17.14166667,-45.36972222
2589,SPLUS-s35s11,19.04583333,-45.36972222
2590,SPLUS-s35s21,38.09583333,-45.36972222
2591,SPLUS-s35s22,40.0,-45.36972222
2592,SPLUS-s35s23,41.90416667,-45.36972222
2593,SPLUS-s35s24,43.80833333,-45.36972222
2594,SPLUS-s35s25,45.7125,-45.36972222
2595,SPLUS-s35s26,47.62083333,-45.36972222
2596,SPLUS-s35s27,49.525,-45.36972222
2597,SPLUS-s35s28,51.42916667,-45.36972222
2598,SPLUS-s35s29,53.33333333,-45.36972222
2599,SPLUS-s35s30,55.2375,-45.36972222
2600,SPLUS-s35s31,57.14166667,-45.36972222
2601,SPLUS-s35s32,59.04583333,-45.36972222
2602,SPLUS-s35s33,60.95416667,-45.36972222
2603,SPLUS-s35s34,62.85833333,-45.36972222
2604,SPLUS-s35s35,64.7625,-45.36972222
2605,SPLUS-s35s36,66.66666667,-45.36972222
2606,SPLUS-s35s37,68.57083333,-45.36972222
2607,SPLUS-s35s38,70.475,-45.36972222
2608,SPLUS-s35s39,72.37916667,-45.36972222
2609,SPLUS-s35s40,74.2875,-45.36972222
2610,SPLUS-s35s41,316.1916667,-45.36972222
2611,SPLUS-s35s42,318.0958333,-45.36972222
2612,SPLUS-s35s43,320.0,-45.36972222
2613,SPLUS-s35s45,323.8083333,-45.36972222
2614,SPLUS-s35s46,325.7125,-45.36972222
2615,SPLUS-s35s47,327.6208333,-45.36972222
2616,SPLUS-s35s48,329.525,-45.36972222
2617,SPLUS-s35s49,331.4291667,-45.36972222
2618,SPLUS-s35s50,333.3333333,-45.36972222
2619,SPLUS-s35s51,335.2375,-45.36972222
2620,SPLUS-s36s09,15.65416667,-46.67194444
2621,SPLUS-s36s10,17.60833333,-46.67194444
2622,SPLUS-s36s11,19.56666667,-46.67194444
2623,SPLUS-s36s17,31.30416667,-46.67194444
2624,SPLUS-s36s20,37.175,-46.67194444
2625,SPLUS-s36s21,39.12916667,-46.67194444
2626,SPLUS-s36s22,41.0875,-46.67194444
2627,SPLUS-s36s23,43.04166667,-46.67194444
2628,SPLUS-s36s24,45.0,-46.67194444
2629,SPLUS-s36s25,46.95833333,-46.67194444
2630,SPLUS-s36s26,48.9125,-46.67194444
2631,SPLUS-s36s27,50.87083333,-46.67194444
2632,SPLUS-s36s28,52.825,-46.67194444
2633,SPLUS-s36s29,54.78333333,-46.67194444
2634,SPLUS-s36s30,56.7375,-46.67194444
2635,SPLUS-s36s31,58.69583333,-46.67194444
2636,SPLUS-s36s32,60.65416667,-46.67194444
2637,SPLUS-s36s33,62.60833333,-46.67194444
2638,SPLUS-s36s34,64.56666667,-46.67194444
2639,SPLUS-s36s35,66.52083333,-46.67194444
2640,SPLUS-s36s36,68.47916667,-46.67194444
2641,SPLUS-s36s37,70.43333333,-46.67194444
2642,SPLUS-s36s38,72.39166667,-46.67194444
2643,SPLUS-s36s39,74.34583333,-46.67194444
2644,SPLUS-s36s40,315.0,-46.67194444
2645,SPLUS-s36s41,316.9583333,-46.67194444
2646,SPLUS-s36s42,318.9125,-46.67194444
2647,SPLUS-s36s48,330.6541667,-46.67194444
2648,SPLUS-s36s49,332.6083333,-46.67194444
2649,SPLUS-s36s50,334.5666667,-46.67194444
2650,SPLUS-s36s51,336.5208333,-46.67194444
2651,SPLUS-s37s09,16.0,-47.97111111
2652,SPLUS-s37s10,18.0,-47.97111111
2653,SPLUS-s37s20,38.0,-47.97111111
2654,SPLUS-s37s21,40.0,-47.97111111
2655,SPLUS-s37s22,42.0,-47.97111111
2656,SPLUS-s37s23,44.0,-47.97111111
2657,SPLUS-s37s24,46.0,-47.97111111
2658,SPLUS-s37s25,48.0,-47.97111111
2659,SPLUS-s37s26,50.0,-47.97111111
2660,SPLUS-s37s27,52.0,-47.97111111
2661,SPLUS-s37s28,54.0,-47.97111111
2662,SPLUS-s37s29,56.0,-47.97111111
2663,SPLUS-s37s30,58.0,-47.97111111
2664,SPLUS-s37s31,60.0,-47.97111111
2665,SPLUS-s37s32,62.0,-47.97111111
2666,SPLUS-s37s33,64.0,-47.97111111
2667,SPLUS-s37s34,66.0,-47.97111111
2668,SPLUS-s37s35,68.0,-47.97111111
2669,SPLUS-s37s36,70.0,-47.97111111
2670,SPLUS-s37s37,72.0,-47.97111111
2671,SPLUS-s37s38,74.0,-47.97111111
2672,SPLUS-s37s39,316.0,-47.97111111
2673,SPLUS-s37s40,318.0,-47.97111111
2674,SPLUS-s37s41,320.0,-47.97111111
2675,SPLUS-s37s44,326.0,-47.97111111
2676,SPLUS-s37s48,334.0,-47.97111111
2677,SPLUS-s38s05,8.183333333,-49.26805556
2678,SPLUS-s38s19,36.81666667,-49.26805556
2679,SPLUS-s38s20,38.8625,-49.26805556
2680,SPLUS-s38s21,40.90833333,-49.26805556
2681,SPLUS-s38s22,42.95416667,-49.26805556
2682,SPLUS-s38s23,45.0,-49.26805556
2683,SPLUS-s38s24,47.04583333,-49.26805556
2684,SPLUS-s38s25,49.09166667,-49.26805556
2685,SPLUS-s38s26,51.1375,-49.26805556
2686,SPLUS-s38s27,53.18333333,-49.26805556
2687,SPLUS-s38s28,55.22916667,-49.26805556
2688,SPLUS-s38s29,57.27083333,-49.26805556
2689,SPLUS-s38s30,59.31666667,-49.26805556
2690,SPLUS-s38s31,61.3625,-49.26805556
2691,SPLUS-s38s32,63.40833333,-49.26805556
2692,SPLUS-s38s33,65.45416667,-49.26805556
2693,SPLUS-s38s34,67.5,-49.26805556
2694,SPLUS-s38s35,69.54583333,-49.26805556
2695,SPLUS-s38s36,71.59166667,-49.26805556
2696,SPLUS-s38s37,73.6375,-49.26805556
2697,SPLUS-s38s38,315.0,-49.26805556
2698,SPLUS-s38s39,317.0458333,-49.26805556
2699,SPLUS-s38s40,319.0916667,-49.26805556
2700,SPLUS-s38s47,333.4083333,-49.26805556
2701,SPLUS-s39s19,37.89583333,-50.5625
2702,SPLUS-s39s20,40.0,-50.5625
2703,SPLUS-s39s21,42.10416667,-50.5625
2704,SPLUS-s39s22,44.2125,-50.5625
2705,SPLUS-s39s23,46.31666667,-50.5625
2706,SPLUS-s39s24,48.42083333,-50.5625
2707,SPLUS-s39s25,50.525,-50.5625
2708,SPLUS-s39s26,52.63333333,-50.5625
2709,SPLUS-s39s27,54.7375,-50.5625
2710,SPLUS-s39s28,56.84166667,-50.5625
2711,SPLUS-s39s29,58.94583333,-50.5625
2712,SPLUS-s39s30,61.05416667,-50.5625
2713,SPLUS-s39s31,63.15833333,-50.5625
2714,SPLUS-s39s32,65.2625,-50.5625
2715,SPLUS-s39s33,67.36666667,-50.5625
2716,SPLUS-s39s34,69.475,-50.5625
2717,SPLUS-s39s35,71.57916667,-50.5625
2718,SPLUS-s39s36,73.68333333,-50.5625
2719,SPLUS-s39s37,315.7875,-50.5625
2720,SPLUS-s39s38,317.8958333,-50.5625
2721,SPLUS-s39s44,330.525,-50.5625
2722,SPLUS-s40s17,34.7,-51.85333333
2723,SPLUS-s40s18,36.86666667,-51.85333333
2724,SPLUS-s40s19,39.0375,-51.85333333
2725,SPLUS-s40s20,41.20416667,-51.85333333
2726,SPLUS-s40s21,43.375,-51.85333333
2727,SPLUS-s40s22,45.54166667,-51.85333333
2728,SPLUS-s40s23,47.7125,-51.85333333
2729,SPLUS-s40s24,49.87916667,-51.85333333
2730,SPLUS-s40s25,52.05,-51.85333333
2731,SPLUS-s40s26,54.21666667,-51.85333333
2732,SPLUS-s40s27,56.3875,-51.85333333
2733,SPLUS-s40s28,58.55416667,-51.85333333
2734,SPLUS-s40s29,60.72083333,-51.85333333
2735,SPLUS-s40s30,62.89166667,-51.85333333
2736,SPLUS-s40s31,65.05833333,-51.85333333
2737,SPLUS-s40s32,67.22916667,-51.85333333
2738,SPLUS-s40s33,69.39583333,-51.85333333
2739,SPLUS-s40s34,71.56666667,-51.85333333
2740,SPLUS-s40s35,73.73333333,-51.85333333
2741,SPLUS-s40s36,316.625,-51.85333333
2742,SPLUS-s40s37,318.7958333,-51.85333333
2743,SPLUS-s41s18,37.77916667,-53.14111111
2744,SPLUS-s41s19,40.0,-53.14111111
2745,SPLUS-s41s20,42.22083333,-53.14111111
2746,SPLUS-s41s21,44.44583333,-53.14111111
2747,SPLUS-s41s22,46.66666667,-53.14111111
2748,SPLUS-s41s23,48.8875,-53.14111111
2749,SPLUS-s41s24,51.1125,-53.14111111
2750,SPLUS-s41s25,53.33333333,-53.14111111
2751,SPLUS-s41s26,55.55416667,-53.14111111
2752,SPLUS-s41s27,57.77916667,-53.14111111
2753,SPLUS-s41s28,60.0,-53.14111111
2754,SPLUS-s41s29,62.22083333,-53.14111111
2755,SPLUS-s41s30,64.44583333,-53.14111111
2756,SPLUS-s41s31,66.66666667,-53.14111111
2757,SPLUS-s41s32,68.8875,-53.14111111
2758,SPLUS-s41s33,71.1125,-53.14111111
2759,SPLUS-s41s34,73.33333333,-53.14111111
2760,SPLUS-s41s35,315.5541667,-53.14111111
2761,SPLUS-s41s36,317.7791667,-53.14111111
2762,SPLUS-s42s18,38.97916667,-54.42611111
2763,SPLUS-s42s19,41.275,-54.42611111
2764,SPLUS-s42s20,43.56666667,-54.42611111
2765,SPLUS-s42s21,45.85833333,-54.42611111
2766,SPLUS-s42s22,48.15416667,-54.42611111
2767,SPLUS-s42s23,50.44583333,-54.42611111
2768,SPLUS-s42s24,52.7375,-54.42611111
2769,SPLUS-s42s25,55.03333333,-54.42611111
2770,SPLUS-s42s26,57.325,-54.42611111
2771,SPLUS-s42s27,59.61666667,-54.42611111
2772,SPLUS-s42s28,61.9125,-54.42611111
2773,SPLUS-s42s29,64.20416667,-54.42611111
2774,SPLUS-s42s30,66.49583333,-54.42611111
2775,SPLUS-s42s31,68.79166667,-54.42611111
2776,SPLUS-s42s32,71.08333333,-54.42611111
2777,SPLUS-s42s33,73.375,-54.42611111
2778,SPLUS-s42s34,316.4333333,-54.42611111
2779,SPLUS-s42s51,355.4125,-54.42611111
2780,SPLUS-s43s17,37.89583333,-55.7075
2781,SPLUS-s43s18,40.2625,-55.7075
2782,SPLUS-s43s19,42.63333333,-55.7075
2783,SPLUS-s43s20,45.0,-55.7075
2784,SPLUS-s43s21,47.36666667,-55.7075
2785,SPLUS-s43s22,49.7375,-55.7075
2786,SPLUS-s43s23,52.10416667,-55.7075
2787,SPLUS-s43s24,54.475,-55.7075
2788,SPLUS-s43s25,56.84166667,-55.7075
2789,SPLUS-s43s26,59.2125,-55.7075
2790,SPLUS-s43s27,61.57916667,-55.7075
2791,SPLUS-s43s28,63.94583333,-55.7075
2792,SPLUS-s43s29,66.31666667,-55.7075
2793,SPLUS-s43s30,68.68333333,-55.7075
2794,SPLUS-s43s31,71.05416667,-55.7075
2795,SPLUS-s43s32,73.42083333,-55.7075
2796,SPLUS-s43s33,315.0,-55.7075
2797,SPLUS-s43s46,345.7875,-55.7075
2798,SPLUS-s44s06,12.24583333,-56.985
2799,SPLUS-s44s16,36.73333333,-56.985
2800,SPLUS-s44s17,39.18333333,-56.985
2801,SPLUS-s44s18,41.63333333,-56.985
2802,SPLUS-s44s19,44.08333333,-56.985
2803,SPLUS-s44s20,46.52916667,-56.985
2804,SPLUS-s44s21,48.97916667,-56.985
2805,SPLUS-s44s22,51.42916667,-56.985
2806,SPLUS-s44s23,53.87916667,-56.985
2807,SPLUS-s44s24,56.325,-56.985
2808,SPLUS-s44s25,58.775,-56.985
2809,SPLUS-s44s26,61.225,-56.985
2810,SPLUS-s44s27,63.675,-56.985
2811,SPLUS-s44s28,66.12083333,-56.985
2812,SPLUS-s44s29,68.57083333,-56.985
2813,SPLUS-s44s30,71.02083333,-56.985
2814,SPLUS-s44s31,73.47083333,-56.985
2815,SPLUS-s44s33,318.3666667,-56.985
2816,SPLUS-s45s05,10.14166667,-58.25861111
2817,SPLUS-s45s06,12.675,-58.25861111
2818,SPLUS-s45s07,15.2125,-58.25861111
2819,SPLUS-s45s08,17.74583333,-58.25861111
2820,SPLUS-s45s09,20.28333333,-58.25861111
2821,SPLUS-s45s10,22.81666667,-58.25861111
2822,SPLUS-s45s11,25.35416667,-58.25861111
2823,SPLUS-s45s12,27.8875,-58.25861111
2824,SPLUS-s45s13,30.42083333,-58.25861111
2825,SPLUS-s45s14,32.95833333,-58.25861111
2826,SPLUS-s45s15,35.49166667,-58.25861111
2827,SPLUS-s45s16,38.02916667,-58.25861111
2828,SPLUS-s45s17,40.5625,-58.25861111
2829,SPLUS-s45s18,43.1,-58.25861111
2830,SPLUS-s45s19,45.63333333,-58.25861111
2831,SPLUS-s45s20,48.17083333,-58.25861111
2832,SPLUS-s45s21,50.70416667,-58.25861111
2833,SPLUS-s45s22,53.2375,-58.25861111
2834,SPLUS-s45s23,55.775,-58.25861111
2835,SPLUS-s45s24,58.30833333,-58.25861111
2836,SPLUS-s45s25,60.84583333,-58.25861111
2837,SPLUS-s45s26,63.37916667,-58.25861111
2838,SPLUS-s45s27,65.91666667,-58.25861111
2839,SPLUS-s45s28,68.45,-58.25861111
2840,SPLUS-s45s29,70.9875,-58.25861111
2841,SPLUS-s45s30,73.52083333,-58.25861111
2842,SPLUS-s45s31,316.9,-58.25861111
2843,SPLUS-s45s32,319.4375,-58.25861111
2844,SPLUS-s45s33,321.9708333,-58.25861111
2845,SPLUS-s45s36,329.5791667,-58.25861111
2846,SPLUS-s45s37,332.1125,-58.25861111
2847,SPLUS-s45s41,342.2541667,-58.25861111
2848,SPLUS-s45s47,357.4666667,-58.25861111
2849,SPLUS-s46s01,0.01666666667,-59.52777778
2850,SPLUS-s46s02,2.629166667,-59.52777778
2851,SPLUS-s46s05,10.5125,-59.52777778
2852,SPLUS-s46s06,13.1375,-59.52777778
2853,SPLUS-s46s07,15.76666667,-59.52777778
2854,SPLUS-s46s08,18.39583333,-59.52777778
2855,SPLUS-s46s09,21.02083333,-59.52777778
2856,SPLUS-s46s10,23.65,-59.52777778
2857,SPLUS-s46s11,26.27916667,-59.52777778
2858,SPLUS-s46s12,28.90416667,-59.52777778
2859,SPLUS-s46s13,31.53333333,-59.52777778
2860,SPLUS-s46s14,34.1625,-59.52777778
2861,SPLUS-s46s15,36.7875,-59.52777778
2862,SPLUS-s46s16,39.41666667,-59.52777778
2863,SPLUS-s46s17,42.04583333,-59.52777778
2864,SPLUS-s46s18,44.67083333,-59.52777778
2865,SPLUS-s46s19,47.3,-59.52777778
2866,SPLUS-s46s20,49.925,-59.52777778
2867,SPLUS-s46s21,52.55416667,-59.52777778
2868,SPLUS-s46s22,55.18333333,-59.52777778
2869,SPLUS-s46s23,57.80833333,-59.52777778
2870,SPLUS-s46s24,60.4375,-59.52777778
2871,SPLUS-s46s25,63.06666667,-59.52777778
2872,SPLUS-s46s26,65.69166667,-59.52777778
2873,SPLUS-s46s27,68.32083333,-59.52777778
2874,SPLUS-s46s28,70.95,-59.52777778
2875,SPLUS-s46s29,73.575,-59.52777778
2876,SPLUS-s46s30,315.3291667,-59.52777778
2877,SPLUS-s46s31,317.9541667,-59.52777778
2878,SPLUS-s46s32,320.5833333,-59.52777778
2879,SPLUS-s46s40,341.6041667,-59.52777778
2880,STRIPE82-0001,0.0,-0.7
2881,STRIPE82-0002,0.0,0.7
2882,STRIPE82-0003,1.416666667,-0.7
2883,STRIPE82-0004,1.416666667,0.7
2884,STRIPE82-0005,2.833333333,-0.7
2885,STRIPE82-0006,2.833333333,0.7
2886,STRIPE82-0007,4.25,-0.7
2887,STRIPE82-0008,4.25,0.7
2888,STRIPE82-0009,5.670833333,-0.7
2889,STRIPE82-0010,5.670833333,0.7
2890,STRIPE82-0011,7.0875,-0.7
2891,STRIPE82-0012,7.0875,0.7
2892,STRIPE82-0013,8.504166667,-0.7
2893,STRIPE82-0014,8.504166667,0.7
2894,STRIPE82-0015,9.920833333,-0.7
2895,STRIPE82-0016,9.920833333,0.7
2896,STRIPE82-0017,11.3375,-0.7
2897,STRIPE82-0018,11.3375,0.7
2898,STRIPE82-0019,12.75416667,-0.7
2899,STRIPE82-0020,12.75416667,0.7
2900,STRIPE82-0021,14.175,-0.7
2901,STRIPE82-0022,14.175,0.7
2902,STRIPE82-0023,15.59166667,-0.7
2903,STRIPE82-0024,15.59166667,0.7
2904,STRIPE82-0025,17.00833333,-0.7
2905,STRIPE82-0026,17.00833333,0.7
2906,STRIPE82-0027,18.425,-0.7
2907,STRIPE82-0028,18.425,0.7
2908,STRIPE82-0029,19.84166667,-0.7
2909,STRIPE82-0030,19.84166667,0.7
2910,STRIPE82-0031,21.25833333,-0.7
2911,STRIPE82-0032,21.25833333,0.7
2912,STRIPE82-0033,22.67916667,-0.7
2913,STRIPE82-0034,22.67916667,0.7
2914,STRIPE82-0035,24.09583333,-0.7
2915,STRIPE82-0036,24.09583333,0.7
2916,STRIPE82-0037,25.5125,-0.7
2917,STRIPE82-0038,25.5125,0.7
2918,STRIPE82-0039,26.92916667,-0.7
2919,STRIPE82-0040,26.92916667,0.7
2920,STRIPE82-0041,28.34583333,-0.7
2921,STRIPE82-0042,28.34583333,0.7
2922,STRIPE82-0043,29.7625,-0.7
2923,STRIPE82-0044,29.7625,0.7
2924,STRIPE82-0045,31.17916667,-0.7
2925,STRIPE82-0046,31.17916667,0.7
2926,STRIPE82-0047,32.6,-0.7
2927,STRIPE82-0048,32.6,0.7
2928,STRIPE82-0049,34.01666667,-0.7
2929,STRIPE82-0050,34.01666667,0.7
2930,STRIPE82-0051,35.43333333,-0.7
2931,STRIPE82-0052,35.43333333,0.7
2932,STRIPE82-0053,36.85,-0.7
2933,STRIPE82-0054,36.85,0.7
2934,STRIPE82-0055,38.26666667,-0.7
2935,STRIPE82-0056,38.26666667,0.7
2936,STRIPE82-0057,39.68333333,-0.7
2937,STRIPE82-0058,39.68333333,0.7
2938,STRIPE82-0059,41.10416667,-0.7
2939,STRIPE82-0060,41.10416667,0.7
2940,STRIPE82-0061,42.52083333,-0.7
2941,STRIPE82-0062,42.52083333,0.7
2942,STRIPE82-0063,43.9375,-0.7
2943,STRIPE82-0064,43.9375,0.7
2944,STRIPE82-0065,45.35416667,-0.7
2945,STRIPE82-0066,45.35416667,0.7
2946,STRIPE82-0067,46.77083333,-0.7
2947,STRIPE82-0068,46.77083333,0.7
2948,STRIPE82-0069,48.1875,-0.7
2949,STRIPE82-0070,48.1875,0.7
2950,STRIPE82-0071,49.60833333,-0.7
2951,STRIPE82-0072,49.60833333,0.7
2952,STRIPE82-0073,51.025,-0.7
2953,STRIPE82-0074,51.025,0.7
2954,STRIPE82-0075,52.44166667,-0.7
2955,STRIPE82-0076,52.44166667,0.7
2956,STRIPE82-0077,53.85833333,-0.7
2957,STRIPE82-0078,53.85833333,0.7
2958,STRIPE82-0079,55.275,-0.7
2959,STRIPE82-0080,55.275,0.7
2960,STRIPE82-0081,56.69166667,-0.7
2961,STRIPE82-0082,56.69166667,0.7
2962,STRIPE82-0083,58.10833333,-0.7
2963,STRIPE82-0084,58.10833333,0.7
2964,STRIPE82-0085,59.52916667,-0.7
2965,STRIPE82-0086,59.52916667,0.7
2966,STRIPE82-0087,300.4708333,-0.7
2967,STRIPE82-0088,300.4708333,0.7
2968,STRIPE82-0089,301.8916667,-0.7
2969,STRIPE82-0090,301.8916667,0.7
2970,STRIPE82-0091,303.3083333,-0.7
2971,STRIPE82-0092,303.3083333,0.7
2972,STRIPE82-0093,304.725,-0.7
2973,STRIPE82-0094,304.725,0.7
2974,STRIPE82-0095,306.1416667,-0.7
2975,STRIPE82-0096,306.1416667,0.7
2976,STRIPE82-0097,307.5583333,-0.7
2977,STRIPE82-0098,307.5583333,0.7
2978,STRIPE82-0099,308.975,-0.7
2979,STRIPE82-0100,308.975,0.7
2980,STRIPE82-0101,310.3916667,-0.7
2981,STRIPE82-0102,310.3916667,0.7
2982,STRIPE82-0103,311.8125,-0.7
2983,STRIPE82-0104,311.8125,0.7
2984,STRIPE82-0105,313.2291667,-0.7
2985,STRIPE82-0106,313.2291667,0.7
2986,STRIPE82-0107,314.6458333,-0.7
2987,STRIPE82-0108,314.6458333,0.7
2988,STRIPE82-0109,316.0625,-0.7
2989,STRIPE82-0110,316.0625,0.7
2990,STRIPE82-0111,317.4791667,-0.7
2991,STRIPE82-0112,317.4791667,0.7
2992,STRIPE82-0113,318.8958333,-0.7
2993,STRIPE82-0114,318.8958333,0.7
2994,STRIPE82-0115,320.3166667,-0.7
2995,STRIPE82-0116,320.3166667,0.7
2996,STRIPE82-0117,321.7333333,-0.7
2997,STRIPE82-0118,321.7333333,0.7
2998,STRIPE82-0119,323.15,-0.7
2999,STRIPE82-0120,323.15,0.7
3000,STRIPE82-0121,324.5666667,-0.7
3001,STRIPE82-0122,324.5666667,0.7
3002,STRIPE82-0123,325.9833333,-0.7
3003,STRIPE82-0124,325.9833333,0.7
3004,STRIPE82-0125,327.4,-0.7
3005,STRIPE82-0126,327.4,0.7
3006,STRIPE82-0127,328.8208333,-0.7
3007,STRIPE82-0128,328.8208333,0.7
3008,STRIPE82-0129,330.2375,-0.7
3009,STRIPE82-0130,330.2375,0.7
3010,STRIPE82-0131,331.6541667,-0.7
3011,STRIPE82-0132,331.6541667,0.7
3012,STRIPE82-0133,333.0708333,-0.7
3013,STRIPE82-0134,333.0708333,0.7
3014,STRIPE82-0135,334.4875,-0.7
3015,STRIPE82-0136,334.4875,0.7
3016,STRIPE82-0137,335.9041667,-0.7
3017,STRIPE82-0138,335.9041667,0.7
3018,STRIPE82-0139,337.3208333,-0.7
3019,STRIPE82-0140,337.3208333,0.7
3020,STRIPE82-0141,338.7416667,-0.7
3021,STRIPE82-0142,338.7416667,0.7
3022,STRIPE82-0143,340.1583333,-0.7
3023,STRIPE82-0144,340.1583333,0.7
3024,STRIPE82-0145,341.575,-0.7
3025,STRIPE82-0146,341.575,0.7
3026,STRIPE82-0147,342.9916667,-0.7
3027,STRIPE82-0148,342.9916667,0.7
3028,STRIPE82-0149,344.4083333,-0.7
3029,STRIPE82-0150,344.4083333,0.7
3030,STRIPE82-0151,345.825,-0.7
3031,STRIPE82-0152,345.825,0.7
3032,STRIPE82-0153,347.2458333,-0.7
3033,STRIPE82-0154,347.2458333,0.7
3034,STRIPE82-0155,348.6625,-0.7
3035,STRIPE82-0156,348.6625,0.7
3036,STRIPE82-0157,350.0791667,-0.7
3037,STRIPE82-0158,350.0791667,0.7
3038,STRIPE82-0159,351.4958333,-0.7
3039,STRIPE82-0160,351.4958333,0.7
3040,STRIPE82-0161,352.9125,-0.7
3041,STRIPE82-0162,352.9125,0.7
3042,STRIPE82-0163,354.3291667,-0.7
3043,STRIPE82-0164,354.3291667,0.7
3044,STRIPE82-0165,355.75,-0.7
3045,STRIPE82-0166,355.75,0.7
3046,STRIPE82-0167,357.1666667,-0.7
3047,STRIPE82-0168,357.1666667,0.7
3048,STRIPE82-0169,358.5833333,-0.7
3049,STRIPE82-0170,358.5833333,0.7
